#用户示例
INSERT INTO `sys_user` (`id`, `created_at`, `updated_at`, `deleted`, `disabled`, `username`, `name`, `email`, `intro`, `avatar`, `im_account`, `password`, `type`, `vcode`) VALUES (2, '2024-05-11 10:33:34', '2024-05-11 10:33:34', 0, 0, 'sys', 'sys', 'sys', '', '', 'sys', '$2a$10$pIfy0pdivE3U2Ah.IY3hKuJ78gqncRoMzY2NEHiLI9cUoxdIx1ozK', 0, '');


#初始化分类
INSERT INTO `biz_category` (`id`, `created_at`, `updated_at`, `deleted`, `disabled`, `name`, `desc`, `is_dir`, `parent_id`, `project_id`, `serve_id`, `use_id`, `ordr`, `type`, `source_type`, `entity_id`) VALUES (5, '2024-05-11 10:37:13', '2024-05-11 10:37:13', 0, 0, '宠物商店', '', 0, 1, 1, 0, 0, 0, 'endpoint', 0, 0);
INSERT INTO `biz_category` (`id`, `created_at`, `updated_at`, `deleted`, `disabled`, `name`, `desc`, `is_dir`, `parent_id`, `project_id`, `serve_id`, `use_id`, `ordr`, `type`, `source_type`, `entity_id`) VALUES (6, '2024-05-11 10:37:19', '2024-05-11 10:37:37', 0, 0, '新建', '', 0, 5, 1, 0, 0, 1, 'endpoint', 0, 0);
INSERT INTO `biz_category` (`id`, `created_at`, `updated_at`, `deleted`, `disabled`, `name`, `desc`, `is_dir`, `parent_id`, `project_id`, `serve_id`, `use_id`, `ordr`, `type`, `source_type`, `entity_id`) VALUES (7, '2024-05-11 10:37:31', '2024-05-11 10:37:37', 0, 0, '查询', '', 0, 5, 1, 0, 0, 2, 'endpoint', 0, 0);
INSERT INTO `biz_category` (`id`, `created_at`, `updated_at`, `deleted`, `disabled`, `name`, `desc`, `is_dir`, `parent_id`, `project_id`, `serve_id`, `use_id`, `ordr`, `type`, `source_type`, `entity_id`) VALUES (8, '2024-05-11 10:37:45', '2024-05-11 10:37:45', 0, 0, '更新', '', 0, 5, 1, 0, 0, 3, 'endpoint', 0, 0);
INSERT INTO `biz_category` (`id`, `created_at`, `updated_at`, `deleted`, `disabled`, `name`, `desc`, `is_dir`, `parent_id`, `project_id`, `serve_id`, `use_id`, `ordr`, `type`, `source_type`, `entity_id`) VALUES (9, '2024-05-11 10:37:50', '2024-05-11 10:37:50', 0, 0, '删除', '', 0, 5, 1, 0, 0, 4, 'endpoint', 0, 0);
INSERT INTO `biz_category` (`id`, `created_at`, `updated_at`, `deleted`, `disabled`, `name`, `desc`, `is_dir`, `parent_id`, `project_id`, `serve_id`, `use_id`, `ordr`, `type`, `source_type`, `entity_id`) VALUES (10, '2024-05-11 10:38:16', '2024-05-11 19:12:35', 0, 0, '创建宠物', '', 0, 6, 1, 0, 0, 3, 'endpoint', 0, 1);
INSERT INTO `biz_category` (`id`, `created_at`, `updated_at`, `deleted`, `disabled`, `name`, `desc`, `is_dir`, `parent_id`, `project_id`, `serve_id`, `use_id`, `ordr`, `type`, `source_type`, `entity_id`) VALUES (11, '2024-05-11 10:38:34', '2024-05-11 14:02:20', 1, 0, 'petRequest', '', 0, 12, 1, 0, 0, 1, 'schema', 0, 1);
INSERT INTO `biz_category` (`id`, `created_at`, `updated_at`, `deleted`, `disabled`, `name`, `desc`, `is_dir`, `parent_id`, `project_id`, `serve_id`, `use_id`, `ordr`, `type`, `source_type`, `entity_id`) VALUES (12, '2024-05-11 12:09:52', '2024-05-11 19:15:59', 0, 0, 'petstore', '', 0, 4, 1, 0, 0, 2, 'schema', 0, 0);
INSERT INTO `biz_category` (`id`, `created_at`, `updated_at`, `deleted`, `disabled`, `name`, `desc`, `is_dir`, `parent_id`, `project_id`, `serve_id`, `use_id`, `ordr`, `type`, `source_type`, `entity_id`) VALUES (13, '2024-05-11 13:53:59', '2024-05-11 19:31:44', 1, 0, '分类', '', 0, 1, 1, 0, 0, 1, 'endpoint', 0, 0);
INSERT INTO `biz_category` (`id`, `created_at`, `updated_at`, `deleted`, `disabled`, `name`, `desc`, `is_dir`, `parent_id`, `project_id`, `serve_id`, `use_id`, `ordr`, `type`, `source_type`, `entity_id`) VALUES (14, '2024-05-11 13:54:14', '2024-05-11 19:31:44', 1, 0, 'pet', '', 0, 13, 1, 0, 2, 0, 'endpoint', 2, 0);
INSERT INTO `biz_category` (`id`, `created_at`, `updated_at`, `deleted`, `disabled`, `name`, `desc`, `is_dir`, `parent_id`, `project_id`, `serve_id`, `use_id`, `ordr`, `type`, `source_type`, `entity_id`) VALUES (15, '2024-05-11 13:54:14', '2024-05-11 15:49:51', 1, 0, 'Pet', '', 0, 4, 1, 0, 0, 2, 'schema', 0, 2);
INSERT INTO `biz_category` (`id`, `created_at`, `updated_at`, `deleted`, `disabled`, `name`, `desc`, `is_dir`, `parent_id`, `project_id`, `serve_id`, `use_id`, `ordr`, `type`, `source_type`, `entity_id`) VALUES (16, '2024-05-11 13:54:14', '2024-05-11 14:02:30', 1, 0, 'PetRequest', '', 0, 4, 1, 0, 0, 3, 'schema', 0, 3);
INSERT INTO `biz_category` (`id`, `created_at`, `updated_at`, `deleted`, `disabled`, `name`, `desc`, `is_dir`, `parent_id`, `project_id`, `serve_id`, `use_id`, `ordr`, `type`, `source_type`, `entity_id`) VALUES (17, '2024-05-11 13:54:14', '2024-05-11 19:16:02', 0, 0, 'Error', '', 0, 4, 1, 0, 0, 3, 'schema', 0, 4);
INSERT INTO `biz_category` (`id`, `created_at`, `updated_at`, `deleted`, `disabled`, `name`, `desc`, `is_dir`, `parent_id`, `project_id`, `serve_id`, `use_id`, `ordr`, `type`, `source_type`, `entity_id`) VALUES (18, '2024-05-11 13:54:14', '2024-05-11 19:31:44', 1, 0, 'Return all pets in the store&Add a new pet to the store', '', 0, 14, 1, 0, 0, 0, 'endpoint', 0, 2);
INSERT INTO `biz_category` (`id`, `created_at`, `updated_at`, `deleted`, `disabled`, `name`, `desc`, `is_dir`, `parent_id`, `project_id`, `serve_id`, `use_id`, `ordr`, `type`, `source_type`, `entity_id`) VALUES (19, '2024-05-11 13:54:15', '2024-05-11 19:31:44', 1, 0, 'Find pet by ID&Updates a pet in the store with form data&Deletes a pet', '', 0, 14, 1, 0, 0, 1, 'endpoint', 0, 3);
INSERT INTO `biz_category` (`id`, `created_at`, `updated_at`, `deleted`, `disabled`, `name`, `desc`, `is_dir`, `parent_id`, `project_id`, `serve_id`, `use_id`, `ordr`, `type`, `source_type`, `entity_id`) VALUES (20, '2024-05-11 14:00:26', '2024-05-11 19:13:44', 0, 0, '宠物列表', '', 0, 7, 1, 0, 0, 2, 'endpoint', 0, 4);
INSERT INTO `biz_category` (`id`, `created_at`, `updated_at`, `deleted`, `disabled`, `name`, `desc`, `is_dir`, `parent_id`, `project_id`, `serve_id`, `use_id`, `ordr`, `type`, `source_type`, `entity_id`) VALUES (21, '2024-05-11 10:38:34', '2024-05-11 14:02:20', 1, 0, 'CopyOfpetRequest', '', 0, 12, 1, 0, 0, 2, 'schema', 0, 1);
INSERT INTO `biz_category` (`id`, `created_at`, `updated_at`, `deleted`, `disabled`, `name`, `desc`, `is_dir`, `parent_id`, `project_id`, `serve_id`, `use_id`, `ordr`, `type`, `source_type`, `entity_id`) VALUES (22, '2024-05-11 14:02:52', '2024-05-11 14:05:18', 1, 0, 'petRequest', '', 0, 12, 1, 0, 0, 3, 'schema', 0, 6);
INSERT INTO `biz_category` (`id`, `created_at`, `updated_at`, `deleted`, `disabled`, `name`, `desc`, `is_dir`, `parent_id`, `project_id`, `serve_id`, `use_id`, `ordr`, `type`, `source_type`, `entity_id`) VALUES (23, '2024-05-11 14:02:52', '2024-05-11 14:05:18', 1, 0, 'CopyOfpetRequest', '', 0, 12, 1, 0, 0, 4, 'schema', 0, 6);
INSERT INTO `biz_category` (`id`, `created_at`, `updated_at`, `deleted`, `disabled`, `name`, `desc`, `is_dir`, `parent_id`, `project_id`, `serve_id`, `use_id`, `ordr`, `type`, `source_type`, `entity_id`) VALUES (24, '2024-05-11 15:10:01', '2024-05-11 15:22:58', 1, 0, 'petDetail', '', 0, 12, 1, 0, 0, 5, 'schema', 0, 8);
INSERT INTO `biz_category` (`id`, `created_at`, `updated_at`, `deleted`, `disabled`, `name`, `desc`, `is_dir`, `parent_id`, `project_id`, `serve_id`, `use_id`, `ordr`, `type`, `source_type`, `entity_id`) VALUES (25, '2024-05-11 15:10:01', '2024-05-11 15:22:58', 1, 0, 'petDetail', '', 0, 12, 1, 0, 0, 6, 'schema', 0, 8);
INSERT INTO `biz_category` (`id`, `created_at`, `updated_at`, `deleted`, `disabled`, `name`, `desc`, `is_dir`, `parent_id`, `project_id`, `serve_id`, `use_id`, `ordr`, `type`, `source_type`, `entity_id`) VALUES (26, '2024-05-11 15:46:45', '2024-05-11 15:49:39', 0, 0, 'petRequest', '', 0, 12, 1, 0, 0, 8, 'schema', 0, 10);
INSERT INTO `biz_category` (`id`, `created_at`, `updated_at`, `deleted`, `disabled`, `name`, `desc`, `is_dir`, `parent_id`, `project_id`, `serve_id`, `use_id`, `ordr`, `type`, `source_type`, `entity_id`) VALUES (27, '2024-05-11 15:47:56', '2024-05-11 15:49:39', 0, 0, 'petDetail', '', 0, 12, 1, 0, 0, 9, 'schema', 0, 11);
INSERT INTO `biz_category` (`id`, `created_at`, `updated_at`, `deleted`, `disabled`, `name`, `desc`, `is_dir`, `parent_id`, `project_id`, `serve_id`, `use_id`, `ordr`, `type`, `source_type`, `entity_id`) VALUES (28, '2024-05-11 19:14:19', '2024-05-11 19:14:24', 1, 0, '宠物详情', '', 0, 7, 1, 0, 0, 3, 'endpoint', 0, 5);
INSERT INTO `biz_category` (`id`, `created_at`, `updated_at`, `deleted`, `disabled`, `name`, `desc`, `is_dir`, `parent_id`, `project_id`, `serve_id`, `use_id`, `ordr`, `type`, `source_type`, `entity_id`) VALUES (29, '2024-05-11 19:15:02', '2024-05-11 19:18:12', 0, 0, '宠物详情', '', 0, 7, 1, 0, 0, 9, 'endpoint', 0, 6);
INSERT INTO `biz_category` (`id`, `created_at`, `updated_at`, `deleted`, `disabled`, `name`, `desc`, `is_dir`, `parent_id`, `project_id`, `serve_id`, `use_id`, `ordr`, `type`, `source_type`, `entity_id`) VALUES (30, '2024-05-11 19:19:26', '2024-05-11 19:28:05', 0, 0, '更新宠物信息', '', 0, 8, 1, 0, 0, 9, 'endpoint', 0, 7);
INSERT INTO `biz_category` (`id`, `created_at`, `updated_at`, `deleted`, `disabled`, `name`, `desc`, `is_dir`, `parent_id`, `project_id`, `serve_id`, `use_id`, `ordr`, `type`, `source_type`, `entity_id`) VALUES (31, '2024-05-11 19:22:52', '2024-05-11 19:31:33', 0, 0, '删除宠物', '', 0, 9, 1, 0, 0, 6, 'endpoint', 0, 8);
INSERT INTO `biz_category` (`id`, `created_at`, `updated_at`, `deleted`, `disabled`, `name`, `desc`, `is_dir`, `parent_id`, `project_id`, `serve_id`, `use_id`, `ordr`, `type`, `source_type`, `entity_id`) VALUES (32, '2024-05-13 10:45:40', '2024-05-13 10:45:40', 0, 0, '宠物商店', '', 0, 2, 1, 0, 0, 0, 'scenario', 0, 0);

#初始化endpoinit
INSERT INTO `biz_endpoint` (`id`, `created_at`, `updated_at`, `deleted`, `disabled`, `title`, `project_id`, `serve_id`, `server_id`, `path`, `version`, `create_user`, `update_user`, `status`, `category_id`, `description`, `serial_number`, `source_type`, `advanced_mock_disabled`, `script_mock_disabled`, `snapshot`, `changed_time`, `changed_status`) VALUES (1, '2024-05-11 10:38:16', '2024-05-11 19:12:35', 0, 0, '创建宠物', 1, 1, 1, '/pet', '', 'sys_demo', 'sys_demo', 1, 6, '', 'Demo-I-1', 0, 0, 0, '', NULL, 1);
INSERT INTO `biz_endpoint` (`id`, `created_at`, `updated_at`, `deleted`, `disabled`, `title`, `project_id`, `serve_id`, `server_id`, `path`, `version`, `create_user`, `update_user`, `status`, `category_id`, `description`, `serial_number`, `source_type`, `advanced_mock_disabled`, `script_mock_disabled`, `snapshot`, `changed_time`, `changed_status`) VALUES (2, '2024-05-11 13:54:14', '2024-05-11 19:31:44', 1, 0, 'Return all pets in the store&Add a new pet to the store', 1, 1, 1, '/pet', '', 'sys_demo', '', 1, 14, '', 'Demo-I-2', 2, 0, 0, '{\"components\":{},\"info\":{\"title\":\"\",\"version\":\"1.0.0\"},\"openapi\":\"3.0.3\",\"paths\":{\"/pet\":{\"get\":{\"requestBody\":{\"content\":{\"\":{\"schema\":{}}}},\"responses\":{\"200\":{\"content\":{\"application/json\":{\"schema\":{\"$ref\":\"#/components/schemas/Error\"}}},\"description\":\"error\"}}},\"post\":{\"requestBody\":{\"content\":{\"application/json\":{\"schema\":{\"$ref\":\"#/components/schemas/PetRequest\"}}}},\"responses\":{\"200\":{\"content\":{\"application/json\":{\"schema\":{\"$ref\":\"#/components/schemas/Error\"}}},\"description\":\"error\"},\"201\":{\"content\":{\"application/json\":{\"schema\":{\"$ref\":\"#/components/schemas/Pet\"}}},\"description\":\"error\"}}}}}}', NULL, 1);
INSERT INTO `biz_endpoint` (`id`, `created_at`, `updated_at`, `deleted`, `disabled`, `title`, `project_id`, `serve_id`, `server_id`, `path`, `version`, `create_user`, `update_user`, `status`, `category_id`, `description`, `serial_number`, `source_type`, `advanced_mock_disabled`, `script_mock_disabled`, `snapshot`, `changed_time`, `changed_status`) VALUES (3, '2024-05-11 13:54:15', '2024-05-11 19:31:44', 1, 0, 'Find pet by ID&Updates a pet in the store with form data&Deletes a pet', 1, 1, 1, '/pet/{petId}', '', 'sys_demo', '', 1, 14, 'Returns a single pet', 'Demo-I-3', 2, 0, 0, '{\"components\":{},\"info\":{\"title\":\"\",\"version\":\"1.0.0\"},\"openapi\":\"3.0.3\",\"paths\":{\"/pet/{petId}\":{\"delete\":{\"requestBody\":{\"content\":{\"\":{\"schema\":{}}}},\"responses\":{\"200\":{\"content\":{\"application/json\":{\"schema\":{\"$ref\":\"#/components/schemas/Error\"}}},\"description\":\"error\"},\"204\":{\"content\":{\"\":{\"schema\":null}},\"description\":\"error\"}}},\"description\":\"Returns a single pet\",\"get\":{\"description\":\"Returns a single pet\",\"requestBody\":{\"content\":{\"\":{\"schema\":{}}}},\"responses\":{\"200\":{\"content\":{\"application/json\":{\"schema\":{\"$ref\":\"#/components/schemas/Error\"}}},\"description\":\"error\"}},\"summary\":\"Returns a single pet\"},\"parameters\":[{\"in\":\"path\",\"name\":\"petId\",\"required\":true,\"schema\":{\"default\":\"\",\"example\":\"\",\"maxItems\":0,\"maxLength\":0,\"maximum\":0,\"minimum\":0,\"multipleOf\":0,\"type\":\"integer\"}}],\"put\":{\"requestBody\":{\"content\":{\"application/json\":{\"schema\":{\"$ref\":\"#/components/schemas/PetRequest\"}}}},\"responses\":{\"200\":{\"content\":{\"application/json\":{\"schema\":{\"$ref\":\"#/components/schemas/Error\"}}},\"description\":\"error\"},\"204\":{\"content\":{\"\":{\"schema\":null}},\"description\":\"error\"}}}}}}', NULL, 1);
INSERT INTO `biz_endpoint` (`id`, `created_at`, `updated_at`, `deleted`, `disabled`, `title`, `project_id`, `serve_id`, `server_id`, `path`, `version`, `create_user`, `update_user`, `status`, `category_id`, `description`, `serial_number`, `source_type`, `advanced_mock_disabled`, `script_mock_disabled`, `snapshot`, `changed_time`, `changed_status`) VALUES (4, '2024-05-11 14:00:26', '2024-05-11 19:13:44', 0, 0, '宠物列表', 1, 1, 1, '/pet', '', 'sys_demo', 'sys_demo', 1, 7, '', 'Demo-I-4', 0, 0, 0, '', NULL, 1);
INSERT INTO `biz_endpoint` (`id`, `created_at`, `updated_at`, `deleted`, `disabled`, `title`, `project_id`, `serve_id`, `server_id`, `path`, `version`, `create_user`, `update_user`, `status`, `category_id`, `description`, `serial_number`, `source_type`, `advanced_mock_disabled`, `script_mock_disabled`, `snapshot`, `changed_time`, `changed_status`) VALUES (5, '2024-05-11 19:14:19', '2024-05-11 19:14:24', 1, 0, '宠物详情', 1, 1, 1, '', '', 'sys_demo', '', 1, 7, '', 'Demo-I-5', 0, 0, 0, '', NULL, 1);
INSERT INTO `biz_endpoint` (`id`, `created_at`, `updated_at`, `deleted`, `disabled`, `title`, `project_id`, `serve_id`, `server_id`, `path`, `version`, `create_user`, `update_user`, `status`, `category_id`, `description`, `serial_number`, `source_type`, `advanced_mock_disabled`, `script_mock_disabled`, `snapshot`, `changed_time`, `changed_status`) VALUES (6, '2024-05-11 19:15:02', '2024-05-11 19:18:12', 0, 0, '宠物详情', 1, 1, 1, '/pet/{petId}', '', 'sys_demo', 'sys_demo', 1, 7, '', 'Demo-I-6', 0, 0, 0, '', NULL, 1);
INSERT INTO `biz_endpoint` (`id`, `created_at`, `updated_at`, `deleted`, `disabled`, `title`, `project_id`, `serve_id`, `server_id`, `path`, `version`, `create_user`, `update_user`, `status`, `category_id`, `description`, `serial_number`, `source_type`, `advanced_mock_disabled`, `script_mock_disabled`, `snapshot`, `changed_time`, `changed_status`) VALUES (7, '2024-05-11 19:19:26', '2024-05-11 19:28:05', 0, 0, '更新宠物信息', 1, 1, 1, '/pet/{petId}', '', 'sys_demo', 'sys_demo', 1, 8, '', 'Demo-I-7', 0, 0, 0, '', NULL, 1);
INSERT INTO `biz_endpoint` (`id`, `created_at`, `updated_at`, `deleted`, `disabled`, `title`, `project_id`, `serve_id`, `server_id`, `path`, `version`, `create_user`, `update_user`, `status`, `category_id`, `description`, `serial_number`, `source_type`, `advanced_mock_disabled`, `script_mock_disabled`, `snapshot`, `changed_time`, `changed_status`) VALUES (8, '2024-05-11 19:22:52', '2024-05-11 19:31:33', 0, 0, '删除宠物', 1, 1, 1, '/pet/{petId}', '', 'sys_demo', 'sys_demo', 1, 9, '', 'Demo-I-8', 0, 0, 0, '', NULL, 1);


#接口用例
INSERT INTO `biz_endpoint_case` (`id`, `created_at`, `updated_at`, `deleted`, `disabled`, `name`, `desc`, `method`, `endpoint_id`, `serve_id`, `project_id`, `debug_interface_id`, `case_type`, `base_case`, `src_id`, `serial_number`, `create_user_id`, `create_user_name`) VALUES (1, '2024-05-13 10:25:56', '2024-05-13 10:25:56', 0, 0, '创建成功', '', 'POST', 1, 1, 1, 4, 'default', 0, 0, 'Demo-TC-1', 2, 'sys_demo');
INSERT INTO `biz_endpoint_case` (`id`, `created_at`, `updated_at`, `deleted`, `disabled`, `name`, `desc`, `method`, `endpoint_id`, `serve_id`, `project_id`, `debug_interface_id`, `case_type`, `base_case`, `src_id`, `serial_number`, `create_user_id`, `create_user_name`) VALUES (2, '2024-05-13 10:38:39', '2024-05-13 10:38:39', 0, 0, '请求成功', '', 'GET', 6, 1, 1, 6, 'default', 0, 0, 'Demo-TC-2', 2, 'sys_demo');
INSERT INTO `biz_endpoint_case` (`id`, `created_at`, `updated_at`, `deleted`, `disabled`, `name`, `desc`, `method`, `endpoint_id`, `serve_id`, `project_id`, `debug_interface_id`, `case_type`, `base_case`, `src_id`, `serial_number`, `create_user_id`, `create_user_name`) VALUES (3, '2024-05-13 10:39:15', '2024-05-13 10:39:15', 0, 0, '宠物不存在', '', 'GET', 6, 1, 1, 7, 'default', 0, 0, 'Demo-TC-3', 2, 'sys_demo');

#接口
INSERT INTO `biz_endpoint_interface` (`id`, `created_at`, `updated_at`, `deleted`, `disabled`, `name`, `operation_id`, `description`, `desc`, `security`, `parent_id`, `project_id`, `use_id`, `ordr`, `url`, `method`, `body`, `body_type`, `authorization_type`, `pre_request_script`, `validation_script`, `version`, `endpoint_id`, `response_codes`, `debug_interface_id`, `source_type`) VALUES (1, '2024-05-11 19:12:35', '2024-05-11 19:12:35', 0, 0, '创建宠物', '', '', '', '', 0, 1, 0, 0, '/pet', 'POST', '[{\"content\":\"{  \\\"name\\\": \\\"Gary Wilson\\\",  \\\"status\\\": \\\"zoqam\\\"}\",\"name\":\"defaultExample\"}]', 'application/json', '', '', '', 'v0.1.0', 1, '200,301,302,401,402,500,201', 1, 0);
INSERT INTO `biz_endpoint_interface` (`id`, `created_at`, `updated_at`, `deleted`, `disabled`, `name`, `operation_id`, `description`, `desc`, `security`, `parent_id`, `project_id`, `use_id`, `ordr`, `url`, `method`, `body`, `body_type`, `authorization_type`, `pre_request_script`, `validation_script`, `version`, `endpoint_id`, `response_codes`, `debug_interface_id`, `source_type`) VALUES (2, '2024-05-11 13:54:14', '2024-05-11 19:31:44', 1, 0, 'Return all pets in the store&Add a new pet to the store', '', '', '', '', 0, 1, 0, 0, '/pet', 'GET', '', 'application/json', '', '', '', 'v0.1.0', 2, '', 0, 0);
INSERT INTO `biz_endpoint_interface` (`id`, `created_at`, `updated_at`, `deleted`, `disabled`, `name`, `operation_id`, `description`, `desc`, `security`, `parent_id`, `project_id`, `use_id`, `ordr`, `url`, `method`, `body`, `body_type`, `authorization_type`, `pre_request_script`, `validation_script`, `version`, `endpoint_id`, `response_codes`, `debug_interface_id`, `source_type`) VALUES (3, '2024-05-11 13:54:14', '2024-05-11 19:31:44', 1, 0, 'Return all pets in the store&Add a new pet to the store', '', '', '', '', 0, 1, 0, 0, '/pet', 'POST', '', 'application/json', '', '', '', 'v0.1.0', 2, '', 0, 0);
INSERT INTO `biz_endpoint_interface` (`id`, `created_at`, `updated_at`, `deleted`, `disabled`, `name`, `operation_id`, `description`, `desc`, `security`, `parent_id`, `project_id`, `use_id`, `ordr`, `url`, `method`, `body`, `body_type`, `authorization_type`, `pre_request_script`, `validation_script`, `version`, `endpoint_id`, `response_codes`, `debug_interface_id`, `source_type`) VALUES (4, '2024-05-11 13:54:15', '2024-05-11 19:31:44', 1, 0, 'Find pet by ID&Updates a pet in the store with form data&Deletes a pet', '', 'Returns a single pet', '', '', 0, 1, 0, 0, '/pet/{petId}', 'GET', '', 'application/json', '', '', '', 'v0.1.0', 3, '', 0, 0);
INSERT INTO `biz_endpoint_interface` (`id`, `created_at`, `updated_at`, `deleted`, `disabled`, `name`, `operation_id`, `description`, `desc`, `security`, `parent_id`, `project_id`, `use_id`, `ordr`, `url`, `method`, `body`, `body_type`, `authorization_type`, `pre_request_script`, `validation_script`, `version`, `endpoint_id`, `response_codes`, `debug_interface_id`, `source_type`) VALUES (5, '2024-05-11 13:54:15', '2024-05-11 19:31:44', 1, 0, 'Find pet by ID&Updates a pet in the store with form data&Deletes a pet', '', '', '', '', 0, 1, 0, 0, '/pet/{petId}', 'PUT', '', 'application/json', '', '', '', 'v0.1.0', 3, '', 0, 0);
INSERT INTO `biz_endpoint_interface` (`id`, `created_at`, `updated_at`, `deleted`, `disabled`, `name`, `operation_id`, `description`, `desc`, `security`, `parent_id`, `project_id`, `use_id`, `ordr`, `url`, `method`, `body`, `body_type`, `authorization_type`, `pre_request_script`, `validation_script`, `version`, `endpoint_id`, `response_codes`, `debug_interface_id`, `source_type`) VALUES (6, '2024-05-11 13:54:15', '2024-05-11 19:31:44', 1, 0, 'Find pet by ID&Updates a pet in the store with form data&Deletes a pet', '', '', '', '', 0, 1, 0, 0, '/pet/{petId}', 'DELETE', '', 'application/json', '', '', '', 'v0.1.0', 3, '', 0, 0);
INSERT INTO `biz_endpoint_interface` (`id`, `created_at`, `updated_at`, `deleted`, `disabled`, `name`, `operation_id`, `description`, `desc`, `security`, `parent_id`, `project_id`, `use_id`, `ordr`, `url`, `method`, `body`, `body_type`, `authorization_type`, `pre_request_script`, `validation_script`, `version`, `endpoint_id`, `response_codes`, `debug_interface_id`, `source_type`) VALUES (7, '2024-05-11 19:13:44', '2024-05-11 19:13:44', 0, 0, '宠物列表', '', '', '', '', 0, 1, 0, 0, '/pet', 'GET', '[]', 'application/json', '', '', '', 'v0.1.0', 4, '200,301,302,401,402,500', 0, 0);
INSERT INTO `biz_endpoint_interface` (`id`, `created_at`, `updated_at`, `deleted`, `disabled`, `name`, `operation_id`, `description`, `desc`, `security`, `parent_id`, `project_id`, `use_id`, `ordr`, `url`, `method`, `body`, `body_type`, `authorization_type`, `pre_request_script`, `validation_script`, `version`, `endpoint_id`, `response_codes`, `debug_interface_id`, `source_type`) VALUES (8, '2024-05-11 19:18:12', '2024-05-13 10:27:19', 0, 0, '宠物详情', '', '', '', '', 0, 1, 0, 0, '/pet/{petId}', 'GET', '[]', 'application/json', '', '', '', 'v0.1.0', 6, '200,301,302,401,402,500,404', 5, 0);
INSERT INTO `biz_endpoint_interface` (`id`, `created_at`, `updated_at`, `deleted`, `disabled`, `name`, `operation_id`, `description`, `desc`, `security`, `parent_id`, `project_id`, `use_id`, `ordr`, `url`, `method`, `body`, `body_type`, `authorization_type`, `pre_request_script`, `validation_script`, `version`, `endpoint_id`, `response_codes`, `debug_interface_id`, `source_type`) VALUES (10, '2024-05-11 19:31:33', '2024-05-11 19:31:33', 0, 0, '删除宠物', '', '', '', '', 0, 1, 0, 0, '/pet/{petId}', 'DELETE', '[]', 'application/json', '', '', '', 'v0.1.0', 8, '200,301,302,401,402,500,204', 3, 0);
INSERT INTO `biz_endpoint_interface` (`id`, `created_at`, `updated_at`, `deleted`, `disabled`, `name`, `operation_id`, `description`, `desc`, `security`, `parent_id`, `project_id`, `use_id`, `ordr`, `url`, `method`, `body`, `body_type`, `authorization_type`, `pre_request_script`, `validation_script`, `version`, `endpoint_id`, `response_codes`, `debug_interface_id`, `source_type`) VALUES (11, '2024-05-11 19:28:05', '2024-05-11 19:28:05', 0, 0, '更新宠物信息', '', '', '', '', 0, 1, 0, 0, '/pet/{petId}', 'PUT', '[]', 'application/json', '', '', '', 'v0.1.0', 7, '200,301,302,401,402,500,204', 2, 0);

#接口版本
INSERT INTO `biz_endpoint_version` (`id`, `created_at`, `updated_at`, `deleted`, `disabled`, `version`, `endpoint_id`) VALUES (1, '2024-05-11 10:38:16', '2024-05-11 10:38:16', 0, 0, 'v0.1.0', 1);
INSERT INTO `biz_endpoint_version` (`id`, `created_at`, `updated_at`, `deleted`, `disabled`, `version`, `endpoint_id`) VALUES (2, '2024-05-11 13:54:14', '2024-05-11 13:54:14', 0, 0, 'v0.1.0', 2);
INSERT INTO `biz_endpoint_version` (`id`, `created_at`, `updated_at`, `deleted`, `disabled`, `version`, `endpoint_id`) VALUES (3, '2024-05-11 13:54:15', '2024-05-11 13:54:15', 0, 0, 'v0.1.0', 3);
INSERT INTO `biz_endpoint_version` (`id`, `created_at`, `updated_at`, `deleted`, `disabled`, `version`, `endpoint_id`) VALUES (4, '2024-05-11 14:00:26', '2024-05-11 14:00:26', 0, 0, 'v0.1.0', 4);
INSERT INTO `biz_endpoint_version` (`id`, `created_at`, `updated_at`, `deleted`, `disabled`, `version`, `endpoint_id`) VALUES (5, '2024-05-11 19:14:19', '2024-05-11 19:14:19', 0, 0, 'v0.1.0', 5);
INSERT INTO `biz_endpoint_version` (`id`, `created_at`, `updated_at`, `deleted`, `disabled`, `version`, `endpoint_id`) VALUES (6, '2024-05-11 19:15:02', '2024-05-11 19:15:02', 0, 0, 'v0.1.0', 6);
INSERT INTO `biz_endpoint_version` (`id`, `created_at`, `updated_at`, `deleted`, `disabled`, `version`, `endpoint_id`) VALUES (7, '2024-05-11 19:19:26', '2024-05-11 19:19:26', 0, 0, 'v0.1.0', 7);
INSERT INTO `biz_endpoint_version` (`id`, `created_at`, `updated_at`, `deleted`, `disabled`, `version`, `endpoint_id`) VALUES (8, '2024-05-11 19:22:52', '2024-05-11 19:22:52', 0, 0, 'v0.1.0', 8);


#接口路径参数
INSERT INTO `biz_endpoint_path_param` (`id`, `created_at`, `updated_at`, `deleted`, `disabled`, `name`, `value`, `type`, `desc`, `interface_id`, `format`, `example`, `pattern`, `min_length`, `max_length`, `default`, `required`, `multiple_of`, `min_items`, `max_items`, `unique_items`, `ref`, `description`, `minimum`, `maximum`, `enum`, `endpoint_id`) VALUES (1, '2024-05-11 13:54:15', '2024-05-11 13:54:15', 0, 0, 'petId', '', 'integer', '', 0, '', '', '', 0, 0, '', 1, 0, 0, 0, 0, '', '', 0, 0, NULL, 3);
INSERT INTO `biz_endpoint_path_param` (`id`, `created_at`, `updated_at`, `deleted`, `disabled`, `name`, `value`, `type`, `desc`, `interface_id`, `format`, `example`, `pattern`, `min_length`, `max_length`, `default`, `required`, `multiple_of`, `min_items`, `max_items`, `unique_items`, `ref`, `description`, `minimum`, `maximum`, `enum`, `endpoint_id`) VALUES (5, '2024-05-11 19:18:12', '2024-05-11 19:18:12', 0, 0, 'petId', '', 'string', '', 0, '', '', '', 0, 0, '', 0, 0, 0, 0, 0, '', '', 0, 0, NULL, 6);
INSERT INTO `biz_endpoint_path_param` (`id`, `created_at`, `updated_at`, `deleted`, `disabled`, `name`, `value`, `type`, `desc`, `interface_id`, `format`, `example`, `pattern`, `min_length`, `max_length`, `default`, `required`, `multiple_of`, `min_items`, `max_items`, `unique_items`, `ref`, `description`, `minimum`, `maximum`, `enum`, `endpoint_id`) VALUES (15, '2024-05-11 19:28:05', '2024-05-11 19:28:05', 0, 0, 'petId', '', 'string', '', 0, '', '', '', 0, 0, '', 0, 0, 0, 0, 0, '', '', 0, 0, NULL, 7);
INSERT INTO `biz_endpoint_path_param` (`id`, `created_at`, `updated_at`, `deleted`, `disabled`, `name`, `value`, `type`, `desc`, `interface_id`, `format`, `example`, `pattern`, `min_length`, `max_length`, `default`, `required`, `multiple_of`, `min_items`, `max_items`, `unique_items`, `ref`, `description`, `minimum`, `maximum`, `enum`, `endpoint_id`) VALUES (19, '2024-05-11 19:31:33', '2024-05-11 19:31:33', 0, 0, 'petId', '', 'string', '', 0, '', '', '', 0, 0, '', 0, 0, 0, 0, 0, '', '', 0, 0, NULL, 8);


#接口header
INSERT INTO `biz_endpoint_interface_header` (`id`, `created_at`, `updated_at`, `deleted`, `disabled`, `name`, `value`, `type`, `desc`, `interface_id`, `format`, `example`, `pattern`, `min_length`, `max_length`, `default`, `required`, `multiple_of`, `min_items`, `max_items`, `unique_items`, `ref`, `description`, `minimum`, `maximum`, `enum`) VALUES (8, '2024-05-11 19:12:35', '2024-05-11 19:12:35', 0, 0, 'token', 'asdfadfadfadsfasfdjs-sdf-adfadfafadf--asdfadfadfadsfasfdjs-sdf-adfadfafadf-adsfadfadfadf-adsfadfs-asdfadfadfadsfasfdjs-sdf-adfadfafadf-adsfadfadfadf-adsfadfsadsfadfadfadf-adsfadfs', 'string', '', 1, '', 'asdfadfadfadsfasfdjs-sdf-adfadfafadf--asdfadfadfadsfasfdjs-sdf-adfadfafadf-adsfadfadfadf-adsfadfs-asdfadfadfadsfasfdjs-sdf-adfadfafadf-adsfadfadfadf-adsfadfsadsfadfadfadf-adsfadfs', '', 0, 0, 'asdfadfadfadsfasfdjs-sdf-adfadfafadf--asdfadfadfadsfasfdjs-sdf-adfadfafadf-adsfadfadfadf-adsfadfs-asdfadfadfadsfasfdjs-sdf-adfadfafadf-adsfadfadfadf-adsfadfsadsfadfadfadf-adsfadfs', 0, 0, 0, 0, 0, '', '', 0, 0, NULL);
INSERT INTO `biz_endpoint_interface_header` (`id`, `created_at`, `updated_at`, `deleted`, `disabled`, `name`, `value`, `type`, `desc`, `interface_id`, `format`, `example`, `pattern`, `min_length`, `max_length`, `default`, `required`, `multiple_of`, `min_items`, `max_items`, `unique_items`, `ref`, `description`, `minimum`, `maximum`, `enum`) VALUES (9, '2024-05-11 19:12:35', '2024-05-11 19:12:35', 0, 0, 'Content-Type', 'application/json', 'string', '', 1, '', 'application/json', '', 0, 0, 'application/json', 0, 0, 0, 0, 0, '', '', 0, 0, NULL);
INSERT INTO `biz_endpoint_interface_header` (`id`, `created_at`, `updated_at`, `deleted`, `disabled`, `name`, `value`, `type`, `desc`, `interface_id`, `format`, `example`, `pattern`, `min_length`, `max_length`, `default`, `required`, `multiple_of`, `min_items`, `max_items`, `unique_items`, `ref`, `description`, `minimum`, `maximum`, `enum`) VALUES (19, '2024-05-11 19:22:17', '2024-05-11 19:22:17', 0, 0, 'Content-Type', 'application/json', 'string', '', 9, '', 'application/json', '', 0, 0, 'application/json', 0, 0, 0, 0, 0, '', '', 0, 0, NULL);

#接口请求体
INSERT INTO `biz_endpoint_interface_request_body` (`id`, `created_at`, `updated_at`, `deleted`, `disabled`, `interface_id`, `media_type`, `description`, `schema_ref_id`, `examples`) VALUES (1, '2024-05-11 19:12:35', '2024-05-11 19:12:35', 0, 0, 1, 'application/json', '', 0, '[{\"content\":\"{  \\\"name\\\": \\\"Gary Wilson\\\",  \\\"status\\\": \\\"zoqam\\\"}\",\"name\":\"defaultExample\"}]');
INSERT INTO `biz_endpoint_interface_request_body` (`id`, `created_at`, `updated_at`, `deleted`, `disabled`, `interface_id`, `media_type`, `description`, `schema_ref_id`, `examples`) VALUES (2, '2024-05-11 13:54:14', '2024-05-11 13:54:14', 0, 0, 2, '', '', 0, '');
INSERT INTO `biz_endpoint_interface_request_body` (`id`, `created_at`, `updated_at`, `deleted`, `disabled`, `interface_id`, `media_type`, `description`, `schema_ref_id`, `examples`) VALUES (3, '2024-05-11 13:54:14', '2024-05-11 13:54:14', 0, 0, 3, 'application/json', '', 0, '');
INSERT INTO `biz_endpoint_interface_request_body` (`id`, `created_at`, `updated_at`, `deleted`, `disabled`, `interface_id`, `media_type`, `description`, `schema_ref_id`, `examples`) VALUES (4, '2024-05-11 13:54:15', '2024-05-11 13:54:15', 0, 0, 4, '', '', 0, '');
INSERT INTO `biz_endpoint_interface_request_body` (`id`, `created_at`, `updated_at`, `deleted`, `disabled`, `interface_id`, `media_type`, `description`, `schema_ref_id`, `examples`) VALUES (5, '2024-05-11 13:54:15', '2024-05-11 13:54:15', 0, 0, 5, 'application/json', '', 0, '');
INSERT INTO `biz_endpoint_interface_request_body` (`id`, `created_at`, `updated_at`, `deleted`, `disabled`, `interface_id`, `media_type`, `description`, `schema_ref_id`, `examples`) VALUES (6, '2024-05-11 13:54:15', '2024-05-11 13:54:15', 0, 0, 6, '', '', 0, '');
INSERT INTO `biz_endpoint_interface_request_body` (`id`, `created_at`, `updated_at`, `deleted`, `disabled`, `interface_id`, `media_type`, `description`, `schema_ref_id`, `examples`) VALUES (7, '2024-05-11 19:13:44', '2024-05-11 19:13:44', 0, 0, 7, 'application/json', '', 0, '[]');
INSERT INTO `biz_endpoint_interface_request_body` (`id`, `created_at`, `updated_at`, `deleted`, `disabled`, `interface_id`, `media_type`, `description`, `schema_ref_id`, `examples`) VALUES (8, '2024-05-11 19:18:12', '2024-05-11 19:18:12', 0, 0, 8, 'application/json', '', 0, '[]');
INSERT INTO `biz_endpoint_interface_request_body` (`id`, `created_at`, `updated_at`, `deleted`, `disabled`, `interface_id`, `media_type`, `description`, `schema_ref_id`, `examples`) VALUES (9, '2024-05-11 19:22:17', '2024-05-11 19:22:17', 0, 0, 9, 'application/json', '', 0, '[{\"content\":\"{  \\\"name\\\": \\\"Thomas Hall\\\",  \\\"status\\\": \\\"cerundeo\\\"}\",\"name\":\"defaultExample\"}]');
INSERT INTO `biz_endpoint_interface_request_body` (`id`, `created_at`, `updated_at`, `deleted`, `disabled`, `interface_id`, `media_type`, `description`, `schema_ref_id`, `examples`) VALUES (10, '2024-05-11 19:31:33', '2024-05-11 19:31:33', 0, 0, 10, 'application/json', '', 0, '[]');
INSERT INTO `biz_endpoint_interface_request_body` (`id`, `created_at`, `updated_at`, `deleted`, `disabled`, `interface_id`, `media_type`, `description`, `schema_ref_id`, `examples`) VALUES (11, '2024-05-11 19:28:05', '2024-05-11 19:28:05', 0, 0, 11, 'application/json', '', 0, '[]');

INSERT INTO `biz_endpoint_interface_request_body_item` (`id`, `created_at`, `updated_at`, `deleted`, `disabled`, `name`, `type`, `content`, `request_body_id`) VALUES (4, '2024-05-11 13:54:14', '2024-05-11 13:54:14', 0, 0, '', '', '', 2);
INSERT INTO `biz_endpoint_interface_request_body_item` (`id`, `created_at`, `updated_at`, `deleted`, `disabled`, `name`, `type`, `content`, `request_body_id`) VALUES (5, '2024-05-11 13:54:14', '2024-05-11 13:54:14', 0, 0, '', '', '{\"$ref\":\"#/components/schemas/PetRequest\"}', 3);
INSERT INTO `biz_endpoint_interface_request_body_item` (`id`, `created_at`, `updated_at`, `deleted`, `disabled`, `name`, `type`, `content`, `request_body_id`) VALUES (6, '2024-05-11 13:54:15', '2024-05-11 13:54:15', 0, 0, '', '', '', 4);
INSERT INTO `biz_endpoint_interface_request_body_item` (`id`, `created_at`, `updated_at`, `deleted`, `disabled`, `name`, `type`, `content`, `request_body_id`) VALUES (7, '2024-05-11 13:54:15', '2024-05-11 13:54:15', 0, 0, '', '', '{\"$ref\":\"#/components/schemas/PetRequest\"}', 5);
INSERT INTO `biz_endpoint_interface_request_body_item` (`id`, `created_at`, `updated_at`, `deleted`, `disabled`, `name`, `type`, `content`, `request_body_id`) VALUES (8, '2024-05-11 13:54:15', '2024-05-11 13:54:15', 0, 0, '', '', '', 6);
INSERT INTO `biz_endpoint_interface_request_body_item` (`id`, `created_at`, `updated_at`, `deleted`, `disabled`, `name`, `type`, `content`, `request_body_id`) VALUES (10, '2024-05-11 19:12:35', '2024-05-11 19:12:35', 0, 0, '', 'string', '{\"ref\":\"#/components/schemas/petstore.petRequest\",\"refId\":10,\"type\":\"string\",\"$ref\":\"#/components/schemas/petstore.petRequest\",\"name\":\"petstore.petRequest\"}', 1);
INSERT INTO `biz_endpoint_interface_request_body_item` (`id`, `created_at`, `updated_at`, `deleted`, `disabled`, `name`, `type`, `content`, `request_body_id`) VALUES (12, '2024-05-11 19:13:44', '2024-05-11 19:13:44', 0, 0, '', 'object', '{\"type\":\"object\"}', 7);
INSERT INTO `biz_endpoint_interface_request_body_item` (`id`, `created_at`, `updated_at`, `deleted`, `disabled`, `name`, `type`, `content`, `request_body_id`) VALUES (18, '2024-05-11 19:18:12', '2024-05-11 19:18:12', 0, 0, '', 'object', '{\"type\":\"object\"}', 8);
INSERT INTO `biz_endpoint_interface_request_body_item` (`id`, `created_at`, `updated_at`, `deleted`, `disabled`, `name`, `type`, `content`, `request_body_id`) VALUES (24, '2024-05-11 19:22:17', '2024-05-11 19:22:17', 0, 0, '', 'string', '{\"ref\":\"#/components/schemas/petstore.petRequest\",\"refId\":10,\"type\":\"string\",\"$ref\":\"#/components/schemas/petstore.petRequest\",\"name\":\"petstore.petRequest\"}', 9);
INSERT INTO `biz_endpoint_interface_request_body_item` (`id`, `created_at`, `updated_at`, `deleted`, `disabled`, `name`, `type`, `content`, `request_body_id`) VALUES (30, '2024-05-11 19:28:05', '2024-05-11 19:28:05', 0, 0, '', 'string', '{\"ref\":\"#/components/schemas/petstore.petRequest\",\"refId\":10,\"type\":\"string\",\"$ref\":\"#/components/schemas/petstore.petRequest\",\"name\":\"petstore.petRequest\"}', 11);
INSERT INTO `biz_endpoint_interface_request_body_item` (`id`, `created_at`, `updated_at`, `deleted`, `disabled`, `name`, `type`, `content`, `request_body_id`) VALUES (34, '2024-05-11 19:31:33', '2024-05-11 19:31:33', 0, 0, '', 'object', '{}', 10);

#响应体
INSERT INTO `biz_endpoint_interface_response_body` (`id`, `created_at`, `updated_at`, `deleted`, `disabled`, `code`, `interface_id`, `media_type`, `description`, `schema_ref_id`, `examples`) VALUES (1, '2024-05-11 19:12:35', '2024-05-11 19:12:35', 0, 0, '201', 1, 'application/json', '', 0, '[]');
INSERT INTO `biz_endpoint_interface_response_body` (`id`, `created_at`, `updated_at`, `deleted`, `disabled`, `code`, `interface_id`, `media_type`, `description`, `schema_ref_id`, `examples`) VALUES (2, '2024-05-11 13:54:14', '2024-05-11 13:54:14', 0, 0, '200', 2, 'application/json', 'successful operation', 0, 'null');
INSERT INTO `biz_endpoint_interface_response_body` (`id`, `created_at`, `updated_at`, `deleted`, `disabled`, `code`, `interface_id`, `media_type`, `description`, `schema_ref_id`, `examples`) VALUES (3, '2024-05-11 13:54:14', '2024-05-11 13:54:14', 0, 0, '201', 3, 'application/json', 'successful operation', 0, 'null');
INSERT INTO `biz_endpoint_interface_response_body` (`id`, `created_at`, `updated_at`, `deleted`, `disabled`, `code`, `interface_id`, `media_type`, `description`, `schema_ref_id`, `examples`) VALUES (4, '2024-05-11 13:54:14', '2024-05-11 13:54:14', 0, 0, '200', 3, 'application/json', 'error', 0, 'null');
INSERT INTO `biz_endpoint_interface_response_body` (`id`, `created_at`, `updated_at`, `deleted`, `disabled`, `code`, `interface_id`, `media_type`, `description`, `schema_ref_id`, `examples`) VALUES (5, '2024-05-11 13:54:15', '2024-05-11 13:54:15', 0, 0, '200', 4, 'application/json', 'successful operation', 0, 'null');
INSERT INTO `biz_endpoint_interface_response_body` (`id`, `created_at`, `updated_at`, `deleted`, `disabled`, `code`, `interface_id`, `media_type`, `description`, `schema_ref_id`, `examples`) VALUES (6, '2024-05-11 13:54:15', '2024-05-11 13:54:15', 0, 0, '204', 5, '', '', 0, '');
INSERT INTO `biz_endpoint_interface_response_body` (`id`, `created_at`, `updated_at`, `deleted`, `disabled`, `code`, `interface_id`, `media_type`, `description`, `schema_ref_id`, `examples`) VALUES (7, '2024-05-11 13:54:15', '2024-05-11 13:54:15', 0, 0, '200', 5, 'application/json', 'error', 0, 'null');
INSERT INTO `biz_endpoint_interface_response_body` (`id`, `created_at`, `updated_at`, `deleted`, `disabled`, `code`, `interface_id`, `media_type`, `description`, `schema_ref_id`, `examples`) VALUES (8, '2024-05-11 13:54:15', '2024-05-11 13:54:15', 0, 0, '204', 6, '', '', 0, '');
INSERT INTO `biz_endpoint_interface_response_body` (`id`, `created_at`, `updated_at`, `deleted`, `disabled`, `code`, `interface_id`, `media_type`, `description`, `schema_ref_id`, `examples`) VALUES (9, '2024-05-11 13:54:15', '2024-05-11 13:54:15', 0, 0, '200', 6, 'application/json', 'error', 0, 'null');
INSERT INTO `biz_endpoint_interface_response_body` (`id`, `created_at`, `updated_at`, `deleted`, `disabled`, `code`, `interface_id`, `media_type`, `description`, `schema_ref_id`, `examples`) VALUES (10, '2024-05-11 19:13:44', '2024-05-11 19:13:44', 0, 0, '200', 7, 'application/json', '', 0, '[]');
INSERT INTO `biz_endpoint_interface_response_body` (`id`, `created_at`, `updated_at`, `deleted`, `disabled`, `code`, `interface_id`, `media_type`, `description`, `schema_ref_id`, `examples`) VALUES (11, '2024-05-11 19:18:12', '2024-05-11 19:18:12', 0, 0, '200', 8, 'application/json', '', 0, '[]');
INSERT INTO `biz_endpoint_interface_response_body` (`id`, `created_at`, `updated_at`, `deleted`, `disabled`, `code`, `interface_id`, `media_type`, `description`, `schema_ref_id`, `examples`) VALUES (12, '2024-05-11 19:18:12', '2024-05-11 19:18:12', 0, 0, '404', 8, 'application/json', 'Not Found', 0, '');
INSERT INTO `biz_endpoint_interface_response_body` (`id`, `created_at`, `updated_at`, `deleted`, `disabled`, `code`, `interface_id`, `media_type`, `description`, `schema_ref_id`, `examples`) VALUES (14, '2024-05-11 19:22:17', '2024-05-11 19:22:17', 0, 0, '204', 9, 'application/json', '', 0, '');


INSERT INTO `biz_endpoint_interface_response_body_item` (`id`, `created_at`, `updated_at`, `deleted`, `disabled`, `name`, `type`, `content`, `response_body_id`) VALUES (2, '2024-05-11 13:54:14', '2024-05-11 13:54:14', 0, 0, '', 'array', '{\"items\":{\"$ref\":\"#/components/schemas/Pet\"},\"type\":\"array\"}', 2);
INSERT INTO `biz_endpoint_interface_response_body_item` (`id`, `created_at`, `updated_at`, `deleted`, `disabled`, `name`, `type`, `content`, `response_body_id`) VALUES (3, '2024-05-11 13:54:14', '2024-05-11 13:54:14', 0, 0, '', '', '{\"$ref\":\"#/components/schemas/Pet\"}', 3);
INSERT INTO `biz_endpoint_interface_response_body_item` (`id`, `created_at`, `updated_at`, `deleted`, `disabled`, `name`, `type`, `content`, `response_body_id`) VALUES (4, '2024-05-11 13:54:14', '2024-05-11 13:54:14', 0, 0, '', '', '{\"$ref\":\"#/components/schemas/Error\"}', 4);
INSERT INTO `biz_endpoint_interface_response_body_item` (`id`, `created_at`, `updated_at`, `deleted`, `disabled`, `name`, `type`, `content`, `response_body_id`) VALUES (5, '2024-05-11 13:54:15', '2024-05-11 13:54:15', 0, 0, '', '', '{\"$ref\":\"#/components/schemas/Pet\"}', 5);
INSERT INTO `biz_endpoint_interface_response_body_item` (`id`, `created_at`, `updated_at`, `deleted`, `disabled`, `name`, `type`, `content`, `response_body_id`) VALUES (6, '2024-05-11 13:54:15', '2024-05-11 13:54:15', 0, 0, '', '', '', 6);
INSERT INTO `biz_endpoint_interface_response_body_item` (`id`, `created_at`, `updated_at`, `deleted`, `disabled`, `name`, `type`, `content`, `response_body_id`) VALUES (7, '2024-05-11 13:54:15', '2024-05-11 13:54:15', 0, 0, '', '', '{\"$ref\":\"#/components/schemas/Error\"}', 7);
INSERT INTO `biz_endpoint_interface_response_body_item` (`id`, `created_at`, `updated_at`, `deleted`, `disabled`, `name`, `type`, `content`, `response_body_id`) VALUES (8, '2024-05-11 13:54:15', '2024-05-11 13:54:15', 0, 0, '', '', '', 8);
INSERT INTO `biz_endpoint_interface_response_body_item` (`id`, `created_at`, `updated_at`, `deleted`, `disabled`, `name`, `type`, `content`, `response_body_id`) VALUES (9, '2024-05-11 13:54:15', '2024-05-11 13:54:15', 0, 0, '', '', '{\"$ref\":\"#/components/schemas/Error\"}', 9);
INSERT INTO `biz_endpoint_interface_response_body_item` (`id`, `created_at`, `updated_at`, `deleted`, `disabled`, `name`, `type`, `content`, `response_body_id`) VALUES (11, '2024-05-11 19:12:35', '2024-05-11 19:12:35', 0, 0, '', 'object', '{\"type\":\"object\",\"ref\":\"#/components/schemas/petstore.petDetail\",\"name\":\"petstore.petDetail\",\"refId\":11,\"$ref\":\"#/components/schemas/petstore.petDetail\"}', 1);
INSERT INTO `biz_endpoint_interface_response_body_item` (`id`, `created_at`, `updated_at`, `deleted`, `disabled`, `name`, `type`, `content`, `response_body_id`) VALUES (13, '2024-05-11 19:13:44', '2024-05-11 19:13:44', 0, 0, '', 'array', '{\"type\":\"array\",\"items\":{\"ref\":\"#/components/schemas/petstore.petDetail\",\"refId\":11}}', 10);
INSERT INTO `biz_endpoint_interface_response_body_item` (`id`, `created_at`, `updated_at`, `deleted`, `disabled`, `name`, `type`, `content`, `response_body_id`) VALUES (16, '2024-05-11 19:18:12', '2024-05-11 19:18:12', 0, 0, '', 'object', '{\"ref\":\"#/components/schemas/petstore.petDetail\",\"refId\":11}', 11);
INSERT INTO `biz_endpoint_interface_response_body_item` (`id`, `created_at`, `updated_at`, `deleted`, `disabled`, `name`, `type`, `content`, `response_body_id`) VALUES (17, '2024-05-11 19:18:12', '2024-05-11 19:18:12', 0, 0, '', 'object', '{\"type\":\"object\",\"ref\":\"#/components/schemas/Error\",\"name\":\"Error\",\"refId\":4,\"$ref\":\"#/components/schemas/Error\"}', 12);
INSERT INTO `biz_endpoint_interface_response_body_item` (`id`, `created_at`, `updated_at`, `deleted`, `disabled`, `name`, `type`, `content`, `response_body_id`) VALUES (18, '2024-05-11 19:21:45', '2024-05-11 19:21:45', 0, 0, '', 'object', '{\"type\":\"object\"}', 13);
INSERT INTO `biz_endpoint_interface_response_body_item` (`id`, `created_at`, `updated_at`, `deleted`, `disabled`, `name`, `type`, `content`, `response_body_id`) VALUES (19, '2024-05-11 19:22:17', '2024-05-11 19:22:17', 0, 0, '', 'string', '{\"type\":\"string\",\"enum\":[],\"deprecated\":false}', 14);
INSERT INTO `biz_endpoint_interface_response_body_item` (`id`, `created_at`, `updated_at`, `deleted`, `disabled`, `name`, `type`, `content`, `response_body_id`) VALUES (20, '2024-05-11 19:28:25', '2024-05-11 19:28:25', 0, 0, '', 'object', '{\"type\":\"object\"}', 15);
INSERT INTO `biz_endpoint_interface_response_body_item` (`id`, `created_at`, `updated_at`, `deleted`, `disabled`, `name`, `type`, `content`, `response_body_id`) VALUES (21, '2024-05-11 19:31:26', '2024-05-11 19:31:26', 0, 0, '', 'object', '{\"type\":\"object\"}', 16);

#mock
INSERT INTO `biz_endpoint_mock_expect` (`id`, `created_at`, `updated_at`, `deleted`, `disabled`, `name`, `endpoint_id`, `endpoint_interface_id`, `method`, `ordr`, `create_user`, `update_user`) VALUES (1, '2024-05-13 10:40:37', '2024-05-13 10:42:30', 0, 0, '成功请求宠物', 6, 8, 'GET', 0, 'sys_demo', '');
INSERT INTO `biz_endpoint_mock_expect` (`id`, `created_at`, `updated_at`, `deleted`, `disabled`, `name`, `endpoint_id`, `endpoint_interface_id`, `method`, `ordr`, `create_user`, `update_user`) VALUES (2, '2024-05-13 10:40:37', '2024-05-13 10:42:25', 0, 0, '宠物不存在', 6, 8, 'GET', 1, 'sys_demo', 'sys_demo');
INSERT INTO `biz_endpoint_mock_expect` (`id`, `created_at`, `updated_at`, `deleted`, `disabled`, `name`, `endpoint_id`, `endpoint_interface_id`, `method`, `ordr`, `create_user`, `update_user`) VALUES (3, '2024-05-13 10:43:09', '2024-05-13 10:43:09', 0, 0, '无效路径参数', 6, 8, 'GET', 2, 'sys_demo', '');

INSERT INTO `biz_endpoint_mock_expect_request` (`id`, `created_at`, `updated_at`, `deleted`, `disabled`, `endpoint_mock_expect_id`, `compare_way`, `name`, `value`, `source`, `select_type`) VALUES (1, '2024-05-13 10:40:37', '2024-05-13 10:40:37', 0, 0, 1, 'equal', 'petId', '1', 'path', '');
INSERT INTO `biz_endpoint_mock_expect_request` (`id`, `created_at`, `updated_at`, `deleted`, `disabled`, `endpoint_mock_expect_id`, `compare_way`, `name`, `value`, `source`, `select_type`) VALUES (2, '2024-05-13 10:40:37', '2024-05-13 10:42:25', 1, 0, 2, 'equal', 'petId', '1', 'path', '');
INSERT INTO `biz_endpoint_mock_expect_request` (`id`, `created_at`, `updated_at`, `deleted`, `disabled`, `endpoint_mock_expect_id`, `compare_way`, `name`, `value`, `source`, `select_type`) VALUES (3, '2024-05-13 10:40:37', '2024-05-13 10:40:37', 0, 0, 2, 'equal', 'petId', '10000', 'path', '');
INSERT INTO `biz_endpoint_mock_expect_request` (`id`, `created_at`, `updated_at`, `deleted`, `disabled`, `endpoint_mock_expect_id`, `compare_way`, `name`, `value`, `source`, `select_type`) VALUES (4, '2024-05-13 10:43:09', '2024-05-13 10:43:09', 0, 0, 3, 'equal', 'petId', '不是数字', 'path', '');

INSERT INTO `biz_endpoint_mock_expect_response` (`id`, `created_at`, `updated_at`, `deleted`, `disabled`, `endpoint_mock_expect_id`, `code`, `delay_time`, `value`) VALUES (1, '2024-05-13 10:40:37', '2024-05-13 10:40:37', 0, 0, 1, '200', 0, '{\n  \"id\": 1,\n  \"name\": \"dog\",\n  \"status\": \"sold\"\n}');
INSERT INTO `biz_endpoint_mock_expect_response` (`id`, `created_at`, `updated_at`, `deleted`, `disabled`, `endpoint_mock_expect_id`, `code`, `delay_time`, `value`) VALUES (2, '2024-05-13 10:40:37', '2024-05-13 10:42:25', 0, 0, 2, '200', 0, '{\n  \"code\": 404,\n  \"message\": \"not found\"\n}');
INSERT INTO `biz_endpoint_mock_expect_response` (`id`, `created_at`, `updated_at`, `deleted`, `disabled`, `endpoint_mock_expect_id`, `code`, `delay_time`, `value`) VALUES (3, '2024-05-13 10:43:09', '2024-05-13 10:43:09', 0, 0, 3, '200', 0, '{\n  \"message\": \"Invalid format for parameter petId, invalid syntax\"\n}');

#调试相关
INSERT INTO `biz_debug_condition` (`id`, `created_at`, `updated_at`, `deleted`, `disabled`, `condition_src`, `debug_interface_id`, `endpoint_interface_id`, `entity_type`, `entity_id`, `used_by`, `is_for_benchmark_case`, `name`, `desc`, `ordr`) VALUES (1, '2024-05-11 13:56:10', '2024-05-11 13:56:10', 0, 0, '', 0, 1, 'responseDefine', 1, 'interface_debug', 0, '', '', 0);
INSERT INTO `biz_debug_condition` (`id`, `created_at`, `updated_at`, `deleted`, `disabled`, `condition_src`, `debug_interface_id`, `endpoint_interface_id`, `entity_type`, `entity_id`, `used_by`, `is_for_benchmark_case`, `name`, `desc`, `ordr`) VALUES (2, '2024-05-11 13:56:10', '2024-05-11 13:56:37', 0, 0, '', 1, 1, 'responseDefine', 2, 'interface_debug', 0, '', '', 0);
INSERT INTO `biz_debug_condition` (`id`, `created_at`, `updated_at`, `deleted`, `disabled`, `condition_src`, `debug_interface_id`, `endpoint_interface_id`, `entity_type`, `entity_id`, `used_by`, `is_for_benchmark_case`, `name`, `desc`, `ordr`) VALUES (3, '2024-05-11 19:17:24', '2024-05-11 19:17:24', 0, 0, '', 0, 8, 'responseDefine', 3, 'interface_debug', 0, '', '', 0);
INSERT INTO `biz_debug_condition` (`id`, `created_at`, `updated_at`, `deleted`, `disabled`, `condition_src`, `debug_interface_id`, `endpoint_interface_id`, `entity_type`, `entity_id`, `used_by`, `is_for_benchmark_case`, `name`, `desc`, `ordr`) VALUES (4, '2024-05-13 10:23:26', '2024-05-13 10:23:35', 0, 0, 'post_condition', 1, 1, 'checkpoint', 1, 'interface_debug', 0, '', '状态码等于\"201\"', 1);
INSERT INTO `biz_debug_condition` (`id`, `created_at`, `updated_at`, `deleted`, `disabled`, `condition_src`, `debug_interface_id`, `endpoint_interface_id`, `entity_type`, `entity_id`, `used_by`, `is_for_benchmark_case`, `name`, `desc`, `ordr`) VALUES (5, '2024-05-13 10:23:40', '2024-05-13 10:24:59', 0, 0, 'post_condition', 1, 1, 'checkpoint', 2, 'interface_debug', 0, '', '提取响应体 JSONPath($.name)等于\"dog\"', 2);
INSERT INTO `biz_debug_condition` (`id`, `created_at`, `updated_at`, `deleted`, `disabled`, `condition_src`, `debug_interface_id`, `endpoint_interface_id`, `entity_type`, `entity_id`, `used_by`, `is_for_benchmark_case`, `name`, `desc`, `ordr`) VALUES (6, '2024-05-13 10:24:13', '2024-05-13 10:24:29', 0, 0, 'post_condition', 1, 1, 'extractor', 1, 'interface_debug', 0, '', '提取变量petstatus&nbsp;&nbsp;响应体&nbsp;JSON查询（//status）', 3);
INSERT INTO `biz_debug_condition` (`id`, `created_at`, `updated_at`, `deleted`, `disabled`, `condition_src`, `debug_interface_id`, `endpoint_interface_id`, `entity_type`, `entity_id`, `used_by`, `is_for_benchmark_case`, `name`, `desc`, `ordr`) VALUES (7, '2024-05-13 10:25:03', '2024-05-13 10:25:38', 0, 0, 'post_condition', 1, 1, 'checkpoint', 3, 'interface_debug', 0, '', '提取变量petstatus等于\"available\"', 4);
INSERT INTO `biz_debug_condition` (`id`, `created_at`, `updated_at`, `deleted`, `disabled`, `condition_src`, `debug_interface_id`, `endpoint_interface_id`, `entity_type`, `entity_id`, `used_by`, `is_for_benchmark_case`, `name`, `desc`, `ordr`) VALUES (8, '2024-05-11 13:56:10', '2024-05-13 10:25:56', 0, 0, '', 4, 1, 'responseDefine', 4, 'case_debug', 0, '', '', 0);
INSERT INTO `biz_debug_condition` (`id`, `created_at`, `updated_at`, `deleted`, `disabled`, `condition_src`, `debug_interface_id`, `endpoint_interface_id`, `entity_type`, `entity_id`, `used_by`, `is_for_benchmark_case`, `name`, `desc`, `ordr`) VALUES (9, '2024-05-13 10:23:26', '2024-05-13 10:25:56', 0, 0, 'post_condition', 4, 1, 'checkpoint', 4, 'case_debug', 0, '', '状态码等于\"201\"', 1);
INSERT INTO `biz_debug_condition` (`id`, `created_at`, `updated_at`, `deleted`, `disabled`, `condition_src`, `debug_interface_id`, `endpoint_interface_id`, `entity_type`, `entity_id`, `used_by`, `is_for_benchmark_case`, `name`, `desc`, `ordr`) VALUES (10, '2024-05-13 10:23:40', '2024-05-13 10:25:56', 0, 0, 'post_condition', 4, 1, 'checkpoint', 5, 'case_debug', 0, '', '提取响应体 JSONPath($.name)等于\"dog\"', 2);
INSERT INTO `biz_debug_condition` (`id`, `created_at`, `updated_at`, `deleted`, `disabled`, `condition_src`, `debug_interface_id`, `endpoint_interface_id`, `entity_type`, `entity_id`, `used_by`, `is_for_benchmark_case`, `name`, `desc`, `ordr`) VALUES (11, '2024-05-13 10:24:13', '2024-05-13 10:25:56', 0, 0, 'post_condition', 4, 1, 'extractor', 2, 'case_debug', 0, '', '提取变量petstatus&nbsp;&nbsp;响应体&nbsp;JSON查询（//status）', 3);
INSERT INTO `biz_debug_condition` (`id`, `created_at`, `updated_at`, `deleted`, `disabled`, `condition_src`, `debug_interface_id`, `endpoint_interface_id`, `entity_type`, `entity_id`, `used_by`, `is_for_benchmark_case`, `name`, `desc`, `ordr`) VALUES (12, '2024-05-13 10:25:03', '2024-05-13 10:25:56', 0, 0, 'post_condition', 4, 1, 'checkpoint', 6, 'case_debug', 0, '', '提取变量petstatus等于\"available\"', 4);
INSERT INTO `biz_debug_condition` (`id`, `created_at`, `updated_at`, `deleted`, `disabled`, `condition_src`, `debug_interface_id`, `endpoint_interface_id`, `entity_type`, `entity_id`, `used_by`, `is_for_benchmark_case`, `name`, `desc`, `ordr`) VALUES (13, '2024-05-11 19:17:24', '2024-05-13 10:27:19', 0, 0, '', 5, 8, 'responseDefine', 5, 'interface_debug', 0, '', '', 0);
INSERT INTO `biz_debug_condition` (`id`, `created_at`, `updated_at`, `deleted`, `disabled`, `condition_src`, `debug_interface_id`, `endpoint_interface_id`, `entity_type`, `entity_id`, `used_by`, `is_for_benchmark_case`, `name`, `desc`, `ordr`) VALUES (14, '2024-05-13 10:29:00', '2024-05-13 10:41:25', 1, 0, 'post_condition', 5, 8, 'checkpoint', 7, 'interface_debug', 0, '', '状态码等于\"404\"', 1);
INSERT INTO `biz_debug_condition` (`id`, `created_at`, `updated_at`, `deleted`, `disabled`, `condition_src`, `debug_interface_id`, `endpoint_interface_id`, `entity_type`, `entity_id`, `used_by`, `is_for_benchmark_case`, `name`, `desc`, `ordr`) VALUES (15, '2024-05-13 10:29:49', '2024-05-13 10:38:51', 1, 0, 'post_condition', 5, 8, 'checkpoint', 8, 'interface_debug', 0, '', '提取响应体 JSONPath($.id)等于\"4\"', 2);
INSERT INTO `biz_debug_condition` (`id`, `created_at`, `updated_at`, `deleted`, `disabled`, `condition_src`, `debug_interface_id`, `endpoint_interface_id`, `entity_type`, `entity_id`, `used_by`, `is_for_benchmark_case`, `name`, `desc`, `ordr`) VALUES (16, '2024-05-11 19:17:24', '2024-05-13 10:38:39', 0, 0, '', 6, 8, 'responseDefine', 6, 'case_debug', 0, '', '', 0);
INSERT INTO `biz_debug_condition` (`id`, `created_at`, `updated_at`, `deleted`, `disabled`, `condition_src`, `debug_interface_id`, `endpoint_interface_id`, `entity_type`, `entity_id`, `used_by`, `is_for_benchmark_case`, `name`, `desc`, `ordr`) VALUES (17, '2024-05-13 10:29:00', '2024-05-13 10:38:39', 0, 0, 'post_condition', 6, 8, 'checkpoint', 9, 'case_debug', 0, '', '状态码等于\"200\"', 1);
INSERT INTO `biz_debug_condition` (`id`, `created_at`, `updated_at`, `deleted`, `disabled`, `condition_src`, `debug_interface_id`, `endpoint_interface_id`, `entity_type`, `entity_id`, `used_by`, `is_for_benchmark_case`, `name`, `desc`, `ordr`) VALUES (18, '2024-05-13 10:29:49', '2024-05-13 10:38:39', 0, 0, 'post_condition', 6, 8, 'checkpoint', 10, 'case_debug', 0, '', '提取响应体 JSONPath($.id)等于\"4\"', 2);
INSERT INTO `biz_debug_condition` (`id`, `created_at`, `updated_at`, `deleted`, `disabled`, `condition_src`, `debug_interface_id`, `endpoint_interface_id`, `entity_type`, `entity_id`, `used_by`, `is_for_benchmark_case`, `name`, `desc`, `ordr`) VALUES (19, '2024-05-11 19:17:24', '2024-05-13 10:39:15', 0, 0, '', 7, 8, 'responseDefine', 7, 'case_debug', 0, '', '', 0);
INSERT INTO `biz_debug_condition` (`id`, `created_at`, `updated_at`, `deleted`, `disabled`, `condition_src`, `debug_interface_id`, `endpoint_interface_id`, `entity_type`, `entity_id`, `used_by`, `is_for_benchmark_case`, `name`, `desc`, `ordr`) VALUES (20, '2024-05-13 10:29:00', '2024-05-13 10:39:15', 0, 0, 'post_condition', 7, 8, 'checkpoint', 11, 'case_debug', 0, '', '状态码等于\"404\"', 1);
INSERT INTO `biz_debug_condition` (`id`, `created_at`, `updated_at`, `deleted`, `disabled`, `condition_src`, `debug_interface_id`, `endpoint_interface_id`, `entity_type`, `entity_id`, `used_by`, `is_for_benchmark_case`, `name`, `desc`, `ordr`) VALUES (21, '2024-05-13 10:46:08', '2024-05-13 10:46:08', 0, 0, '', 8, 7, 'responseDefine', 8, 'scenario_debug', 0, '', '', 0);
INSERT INTO `biz_debug_condition` (`id`, `created_at`, `updated_at`, `deleted`, `disabled`, `condition_src`, `debug_interface_id`, `endpoint_interface_id`, `entity_type`, `entity_id`, `used_by`, `is_for_benchmark_case`, `name`, `desc`, `ordr`) VALUES (22, '2024-05-13 10:46:45', '2024-05-13 10:46:58', 0, 0, 'post_condition', 8, 0, 'extractor', 3, 'scenario_debug', 0, '', '提取变量pet_count_before&nbsp;&nbsp;响应体&nbsp;JSON查询（count(//name)）', 1);
INSERT INTO `biz_debug_condition` (`id`, `created_at`, `updated_at`, `deleted`, `disabled`, `condition_src`, `debug_interface_id`, `endpoint_interface_id`, `entity_type`, `entity_id`, `used_by`, `is_for_benchmark_case`, `name`, `desc`, `ordr`) VALUES (23, '2024-05-13 10:46:08', '2024-05-13 10:52:15', 0, 0, '', 9, 7, 'responseDefine', 9, 'scenario_debug', 0, '', '', 0);
INSERT INTO `biz_debug_condition` (`id`, `created_at`, `updated_at`, `deleted`, `disabled`, `condition_src`, `debug_interface_id`, `endpoint_interface_id`, `entity_type`, `entity_id`, `used_by`, `is_for_benchmark_case`, `name`, `desc`, `ordr`) VALUES (24, '2024-05-13 10:46:45', '2024-05-13 10:52:56', 0, 0, 'post_condition', 9, 0, 'extractor', 4, 'scenario_debug', 0, '', '提取变量pet_count_after&nbsp;&nbsp;响应体&nbsp;JSON查询（count(//name)）', 1);
INSERT INTO `biz_debug_condition` (`id`, `created_at`, `updated_at`, `deleted`, `disabled`, `condition_src`, `debug_interface_id`, `endpoint_interface_id`, `entity_type`, `entity_id`, `used_by`, `is_for_benchmark_case`, `name`, `desc`, `ordr`) VALUES (25, '2024-05-11 13:56:10', '2024-05-13 10:55:57', 0, 0, '', 10, 1, 'responseDefine', 10, 'scenario_debug', 0, '', '', 0);
INSERT INTO `biz_debug_condition` (`id`, `created_at`, `updated_at`, `deleted`, `disabled`, `condition_src`, `debug_interface_id`, `endpoint_interface_id`, `entity_type`, `entity_id`, `used_by`, `is_for_benchmark_case`, `name`, `desc`, `ordr`) VALUES (26, '2024-05-13 10:23:26', '2024-05-13 10:55:57', 0, 0, 'post_condition', 10, 1, 'checkpoint', 12, 'scenario_debug', 0, '', '状态码等于\"201\"', 1);
INSERT INTO `biz_debug_condition` (`id`, `created_at`, `updated_at`, `deleted`, `disabled`, `condition_src`, `debug_interface_id`, `endpoint_interface_id`, `entity_type`, `entity_id`, `used_by`, `is_for_benchmark_case`, `name`, `desc`, `ordr`) VALUES (27, '2024-05-13 10:23:40', '2024-05-13 10:56:37', 0, 0, 'post_condition', 10, 1, 'checkpoint', 13, 'scenario_debug', 0, '', '提取响应体 JSONPath($.name)等于\"${petname}\"', 2);
INSERT INTO `biz_debug_condition` (`id`, `created_at`, `updated_at`, `deleted`, `disabled`, `condition_src`, `debug_interface_id`, `endpoint_interface_id`, `entity_type`, `entity_id`, `used_by`, `is_for_benchmark_case`, `name`, `desc`, `ordr`) VALUES (28, '2024-05-13 10:24:13', '2024-05-13 10:55:58', 0, 0, 'post_condition', 10, 1, 'extractor', 5, 'scenario_debug', 0, '', '提取变量petstatus&nbsp;&nbsp;响应体&nbsp;JSON查询（//status）', 3);
INSERT INTO `biz_debug_condition` (`id`, `created_at`, `updated_at`, `deleted`, `disabled`, `condition_src`, `debug_interface_id`, `endpoint_interface_id`, `entity_type`, `entity_id`, `used_by`, `is_for_benchmark_case`, `name`, `desc`, `ordr`) VALUES (29, '2024-05-13 10:25:03', '2024-05-13 10:55:58', 0, 0, 'post_condition', 10, 1, 'checkpoint', 14, 'scenario_debug', 0, '', '提取变量petstatus等于\"available\"', 4);

INSERT INTO `biz_debug_condition_checkpoint` (`id`, `created_at`, `updated_at`, `deleted`, `disabled`, `type`, `expression`, `extractor_variable`, `extractor_type`, `extractor_expression`, `operator`, `value`, `actual_result`, `result_status`, `result_msg`, `variables`, `condition_id`, `invoke_id`) VALUES (1, '2024-05-13 10:23:26', '2024-05-13 10:25:45', 0, 0, 'responseStatus', '', '', '', '', 'equal', '201', '201', 'pass', '', '', 4, 0);
INSERT INTO `biz_debug_condition_checkpoint` (`id`, `created_at`, `updated_at`, `deleted`, `disabled`, `type`, `expression`, `extractor_variable`, `extractor_type`, `extractor_expression`, `operator`, `value`, `actual_result`, `result_status`, `result_msg`, `variables`, `condition_id`, `invoke_id`) VALUES (2, '2024-05-13 10:23:40', '2024-05-13 10:25:45', 0, 0, 'extractor', '', '', 'jsonpath', '$.name', 'equal', 'dog', 'dog', 'pass', '', '', 5, 0);
INSERT INTO `biz_debug_condition_checkpoint` (`id`, `created_at`, `updated_at`, `deleted`, `disabled`, `type`, `expression`, `extractor_variable`, `extractor_type`, `extractor_expression`, `operator`, `value`, `actual_result`, `result_status`, `result_msg`, `variables`, `condition_id`, `invoke_id`) VALUES (3, '2024-05-13 10:25:04', '2024-05-13 10:25:45', 0, 0, 'extractorVari', '', 'petstatus', '', '', 'equal', 'available', 'available', 'pass', '', '', 7, 0);
INSERT INTO `biz_debug_condition_checkpoint` (`id`, `created_at`, `updated_at`, `deleted`, `disabled`, `type`, `expression`, `extractor_variable`, `extractor_type`, `extractor_expression`, `operator`, `value`, `actual_result`, `result_status`, `result_msg`, `variables`, `condition_id`, `invoke_id`) VALUES (4, '2024-05-13 10:23:26', '2024-05-13 10:25:45', 0, 0, 'responseStatus', '', '', '', '', 'equal', '201', '201', 'pass', '', '', 9, 0);
INSERT INTO `biz_debug_condition_checkpoint` (`id`, `created_at`, `updated_at`, `deleted`, `disabled`, `type`, `expression`, `extractor_variable`, `extractor_type`, `extractor_expression`, `operator`, `value`, `actual_result`, `result_status`, `result_msg`, `variables`, `condition_id`, `invoke_id`) VALUES (5, '2024-05-13 10:23:40', '2024-05-13 10:25:45', 0, 0, 'extractor', '', '', 'jsonpath', '$.name', 'equal', 'dog', 'dog', 'pass', '', '', 10, 0);
INSERT INTO `biz_debug_condition_checkpoint` (`id`, `created_at`, `updated_at`, `deleted`, `disabled`, `type`, `expression`, `extractor_variable`, `extractor_type`, `extractor_expression`, `operator`, `value`, `actual_result`, `result_status`, `result_msg`, `variables`, `condition_id`, `invoke_id`) VALUES (6, '2024-05-13 10:25:04', '2024-05-13 10:25:45', 0, 0, 'extractorVari', '', 'petstatus', '', '', 'equal', 'available', 'available', 'pass', '', '', 12, 0);
INSERT INTO `biz_debug_condition_checkpoint` (`id`, `created_at`, `updated_at`, `deleted`, `disabled`, `type`, `expression`, `extractor_variable`, `extractor_type`, `extractor_expression`, `operator`, `value`, `actual_result`, `result_status`, `result_msg`, `variables`, `condition_id`, `invoke_id`) VALUES (7, '2024-05-13 10:29:00', '2024-05-13 10:41:25', 1, 0, 'responseStatus', '', '', '', '', 'equal', '404', '200', 'fail', '', '', 14, 0);
INSERT INTO `biz_debug_condition_checkpoint` (`id`, `created_at`, `updated_at`, `deleted`, `disabled`, `type`, `expression`, `extractor_variable`, `extractor_type`, `extractor_expression`, `operator`, `value`, `actual_result`, `result_status`, `result_msg`, `variables`, `condition_id`, `invoke_id`) VALUES (8, '2024-05-13 10:29:49', '2024-05-13 10:38:51', 1, 0, 'extractor', '', '', 'jsonpath', '$.id', 'equal', '4', '4', 'pass', '', '', 15, 0);
INSERT INTO `biz_debug_condition_checkpoint` (`id`, `created_at`, `updated_at`, `deleted`, `disabled`, `type`, `expression`, `extractor_variable`, `extractor_type`, `extractor_expression`, `operator`, `value`, `actual_result`, `result_status`, `result_msg`, `variables`, `condition_id`, `invoke_id`) VALUES (9, '2024-05-13 10:29:00', '2024-05-13 10:39:27', 0, 0, 'responseStatus', '', '', '', '', 'equal', '200', '200', 'pass', '', '', 17, 0);
INSERT INTO `biz_debug_condition_checkpoint` (`id`, `created_at`, `updated_at`, `deleted`, `disabled`, `type`, `expression`, `extractor_variable`, `extractor_type`, `extractor_expression`, `operator`, `value`, `actual_result`, `result_status`, `result_msg`, `variables`, `condition_id`, `invoke_id`) VALUES (10, '2024-05-13 10:29:49', '2024-05-13 10:39:27', 0, 0, 'extractor', '', '', 'jsonpath', '$.id', 'equal', '4', '4', 'pass', '', '', 18, 0);
INSERT INTO `biz_debug_condition_checkpoint` (`id`, `created_at`, `updated_at`, `deleted`, `disabled`, `type`, `expression`, `extractor_variable`, `extractor_type`, `extractor_expression`, `operator`, `value`, `actual_result`, `result_status`, `result_msg`, `variables`, `condition_id`, `invoke_id`) VALUES (11, '2024-05-13 10:29:00', '2024-05-13 10:39:36', 0, 0, 'responseStatus', '', '', '', '', 'equal', '404', '404', 'pass', '', '', 20, 0);
INSERT INTO `biz_debug_condition_checkpoint` (`id`, `created_at`, `updated_at`, `deleted`, `disabled`, `type`, `expression`, `extractor_variable`, `extractor_type`, `extractor_expression`, `operator`, `value`, `actual_result`, `result_status`, `result_msg`, `variables`, `condition_id`, `invoke_id`) VALUES (12, '2024-05-13 10:23:26', '2024-05-13 11:02:09', 0, 0, 'responseStatus', '', '', '', '', 'equal', '201', '201', 'pass', '', '', 26, 0);
INSERT INTO `biz_debug_condition_checkpoint` (`id`, `created_at`, `updated_at`, `deleted`, `disabled`, `type`, `expression`, `extractor_variable`, `extractor_type`, `extractor_expression`, `operator`, `value`, `actual_result`, `result_status`, `result_msg`, `variables`, `condition_id`, `invoke_id`) VALUES (13, '2024-05-13 10:23:40', '2024-05-13 11:02:09', 0, 0, 'extractor', '', '', 'jsonpath', '$.name', 'equal', '${petname}', 'rabbit', 'pass', '', '', 27, 0);
INSERT INTO `biz_debug_condition_checkpoint` (`id`, `created_at`, `updated_at`, `deleted`, `disabled`, `type`, `expression`, `extractor_variable`, `extractor_type`, `extractor_expression`, `operator`, `value`, `actual_result`, `result_status`, `result_msg`, `variables`, `condition_id`, `invoke_id`) VALUES (14, '2024-05-13 10:25:04', '2024-05-13 11:02:09', 0, 0, 'extractorVari', '', 'petstatus', '', '', 'equal', 'available', 'available', 'pass', '', '', 29, 0);

INSERT INTO `biz_debug_condition_extractor` (`id`, `created_at`, `updated_at`, `deleted`, `disabled`, `src`, `type`, `key`, `expression`, `prop`, `boundary_start`, `boundary_end`, `boundary_index`, `boundary_included`, `variable`, `scope`, `default`, `result`, `result_type`, `result_status`, `result_msg`, `condition_id`, `invoke_id`) VALUES (1, '2024-05-13 10:24:13', '2024-05-13 10:25:45', 0, 0, 'body', 'jsonquery', '', '//status', '', '_prefix', '_postfix', 0, 0, 'petstatus', 'public', '', 'available', 'string', '', '', 6, 0);
INSERT INTO `biz_debug_condition_extractor` (`id`, `created_at`, `updated_at`, `deleted`, `disabled`, `src`, `type`, `key`, `expression`, `prop`, `boundary_start`, `boundary_end`, `boundary_index`, `boundary_included`, `variable`, `scope`, `default`, `result`, `result_type`, `result_status`, `result_msg`, `condition_id`, `invoke_id`) VALUES (2, '2024-05-13 10:24:13', '2024-05-13 10:25:45', 0, 0, 'body', 'jsonquery', '', '//status', '', '_prefix', '_postfix', 0, 0, 'petstatus', 'public', '', 'available', 'string', '', '', 11, 0);
INSERT INTO `biz_debug_condition_extractor` (`id`, `created_at`, `updated_at`, `deleted`, `disabled`, `src`, `type`, `key`, `expression`, `prop`, `boundary_start`, `boundary_end`, `boundary_index`, `boundary_included`, `variable`, `scope`, `default`, `result`, `result_type`, `result_status`, `result_msg`, `condition_id`, `invoke_id`) VALUES (3, '2024-05-13 10:46:45', '2024-05-13 11:02:09', 0, 0, 'body', 'jsonquery', '', 'count(//name)', '', '_prefix', '_postfix', 0, 0, 'pet_count_before', 'public', '', '162', '', '', '', 22, 0);
INSERT INTO `biz_debug_condition_extractor` (`id`, `created_at`, `updated_at`, `deleted`, `disabled`, `src`, `type`, `key`, `expression`, `prop`, `boundary_start`, `boundary_end`, `boundary_index`, `boundary_included`, `variable`, `scope`, `default`, `result`, `result_type`, `result_status`, `result_msg`, `condition_id`, `invoke_id`) VALUES (4, '2024-05-13 10:46:45', '2024-05-13 11:02:09', 0, 0, 'body', 'jsonquery', '', 'count(//name)', '', '_prefix', '_postfix', 0, 0, 'pet_count_after', 'public', '', '165', '', '', '', 24, 0);
INSERT INTO `biz_debug_condition_extractor` (`id`, `created_at`, `updated_at`, `deleted`, `disabled`, `src`, `type`, `key`, `expression`, `prop`, `boundary_start`, `boundary_end`, `boundary_index`, `boundary_included`, `variable`, `scope`, `default`, `result`, `result_type`, `result_status`, `result_msg`, `condition_id`, `invoke_id`) VALUES (5, '2024-05-13 10:24:13', '2024-05-13 11:02:09', 0, 0, 'body', 'jsonquery', '', '//status', '', '_prefix', '_postfix', 0, 0, 'petstatus', 'public', '', 'available', 'string', '', '', 28, 0);

INSERT INTO `biz_debug_condition_response_define` (`id`, `created_at`, `updated_at`, `deleted`, `disabled`, `response_code`, `code`, `output`, `result_status`, `result_msg`, `condition_id`, `invoke_id`, `media_type`) VALUES (1, '2024-05-11 13:56:10', '2024-05-11 13:56:10', 0, 0, '', '201', '', '', '', 0, 0, '');
INSERT INTO `biz_debug_condition_response_define` (`id`, `created_at`, `updated_at`, `deleted`, `disabled`, `response_code`, `code`, `output`, `result_status`, `result_msg`, `condition_id`, `invoke_id`, `media_type`) VALUES (2, '2024-05-11 13:56:10', '2024-05-11 13:56:10', 0, 0, '', '201', '', '', '', 2, 0, '');
INSERT INTO `biz_debug_condition_response_define` (`id`, `created_at`, `updated_at`, `deleted`, `disabled`, `response_code`, `code`, `output`, `result_status`, `result_msg`, `condition_id`, `invoke_id`, `media_type`) VALUES (3, '2024-05-11 19:17:24', '2024-05-11 19:17:24', 0, 0, '', '200', '', '', '', 0, 0, '');
INSERT INTO `biz_debug_condition_response_define` (`id`, `created_at`, `updated_at`, `deleted`, `disabled`, `response_code`, `code`, `output`, `result_status`, `result_msg`, `condition_id`, `invoke_id`, `media_type`) VALUES (4, '2024-05-11 13:56:10', '2024-05-11 13:56:10', 0, 0, '', '201', '', '', '', 8, 0, '');
INSERT INTO `biz_debug_condition_response_define` (`id`, `created_at`, `updated_at`, `deleted`, `disabled`, `response_code`, `code`, `output`, `result_status`, `result_msg`, `condition_id`, `invoke_id`, `media_type`) VALUES (5, '2024-05-11 19:17:24', '2024-05-11 19:17:24', 0, 0, '', '200', '', '', '', 13, 0, '');
INSERT INTO `biz_debug_condition_response_define` (`id`, `created_at`, `updated_at`, `deleted`, `disabled`, `response_code`, `code`, `output`, `result_status`, `result_msg`, `condition_id`, `invoke_id`, `media_type`) VALUES (6, '2024-05-11 19:17:24', '2024-05-11 19:17:24', 0, 0, '', '200', '', '', '', 16, 0, '');
INSERT INTO `biz_debug_condition_response_define` (`id`, `created_at`, `updated_at`, `deleted`, `disabled`, `response_code`, `code`, `output`, `result_status`, `result_msg`, `condition_id`, `invoke_id`, `media_type`) VALUES (7, '2024-05-11 19:17:24', '2024-05-11 19:17:24', 0, 0, '', '200', '', '', '', 19, 0, '');
INSERT INTO `biz_debug_condition_response_define` (`id`, `created_at`, `updated_at`, `deleted`, `disabled`, `response_code`, `code`, `output`, `result_status`, `result_msg`, `condition_id`, `invoke_id`, `media_type`) VALUES (8, '2024-05-13 10:46:08', '2024-05-13 10:46:08', 0, 0, '', '200', '', '', '', 0, 0, '');
INSERT INTO `biz_debug_condition_response_define` (`id`, `created_at`, `updated_at`, `deleted`, `disabled`, `response_code`, `code`, `output`, `result_status`, `result_msg`, `condition_id`, `invoke_id`, `media_type`) VALUES (9, '2024-05-13 10:46:08', '2024-05-13 10:46:08', 0, 0, '', '200', '', '', '', 23, 0, '');
INSERT INTO `biz_debug_condition_response_define` (`id`, `created_at`, `updated_at`, `deleted`, `disabled`, `response_code`, `code`, `output`, `result_status`, `result_msg`, `condition_id`, `invoke_id`, `media_type`) VALUES (10, '2024-05-11 13:56:10', '2024-05-11 13:56:10', 0, 0, '', '201', '', '', '', 25, 0, '');

INSERT INTO `biz_debug_interface` (`id`, `created_at`, `updated_at`, `deleted`, `disabled`, `name`, `operation_id`, `description`, `desc`, `security`, `parent_id`, `project_id`, `use_id`, `ordr`, `url`, `method`, `body`, `body_type`, `authorization_type`, `pre_request_script`, `validation_script`, `version`, `endpoint_interface_id`, `case_interface_id`, `diagnose_interface_id`, `scenario_processor_id`, `processor_interface_src`, `serve_id`, `server_id`, `base_url`) VALUES (1, NULL, '2024-05-13 10:25:59', 0, 0, '创建宠物', '', '', '', '', 0, 1, 0, 0, '/pet', 'POST', '{\n  \"name\": \"dog\",\n  \"status\": \"available\"\n}', 'application/json', '', '', '', '', 1, 0, 0, 0, '', 1, 1, 'http://192.168.5.224:50400');
INSERT INTO `biz_debug_interface` (`id`, `created_at`, `updated_at`, `deleted`, `disabled`, `name`, `operation_id`, `description`, `desc`, `security`, `parent_id`, `project_id`, `use_id`, `ordr`, `url`, `method`, `body`, `body_type`, `authorization_type`, `pre_request_script`, `validation_script`, `version`, `endpoint_interface_id`, `case_interface_id`, `diagnose_interface_id`, `scenario_processor_id`, `processor_interface_src`, `serve_id`, `server_id`, `base_url`) VALUES (2, NULL, '2024-05-11 19:28:05', 0, 0, '更新宠物信息', '', '', '', '', 0, 1, 0, 0, '/pet/{petId}', 'PUT', '{\n  \"name\": \"pig\",\n  \"status\": \"available\"\n}', 'application/json', '', '', '', '', 11, 0, 0, 0, '', 1, 1, 'http://192.168.5.224:50400');
INSERT INTO `biz_debug_interface` (`id`, `created_at`, `updated_at`, `deleted`, `disabled`, `name`, `operation_id`, `description`, `desc`, `security`, `parent_id`, `project_id`, `use_id`, `ordr`, `url`, `method`, `body`, `body_type`, `authorization_type`, `pre_request_script`, `validation_script`, `version`, `endpoint_interface_id`, `case_interface_id`, `diagnose_interface_id`, `scenario_processor_id`, `processor_interface_src`, `serve_id`, `server_id`, `base_url`) VALUES (3, '2024-05-11 19:28:42', '2024-05-11 19:31:33', 0, 0, '删除宠物', '', '', '', '', 0, 1, 0, 0, '/pet/{petId}', 'DELETE', 'null', 'application/json', '', '', '', '', 10, 0, 0, 0, '', 1, 1, 'http://192.168.5.224:50400');
INSERT INTO `biz_debug_interface` (`id`, `created_at`, `updated_at`, `deleted`, `disabled`, `name`, `operation_id`, `description`, `desc`, `security`, `parent_id`, `project_id`, `use_id`, `ordr`, `url`, `method`, `body`, `body_type`, `authorization_type`, `pre_request_script`, `validation_script`, `version`, `endpoint_interface_id`, `case_interface_id`, `diagnose_interface_id`, `scenario_processor_id`, `processor_interface_src`, `serve_id`, `server_id`, `base_url`) VALUES (4, '2024-05-13 10:25:56', '2024-05-13 10:25:56', 0, 0, '创建宠物', '', '', '', '', 0, 1, 0, 0, '/pet', 'POST', '{\n  \"name\": \"dog\",\n  \"status\": \"available\"\n}', 'application/json', '', '', '', '', 1, 1, 0, 0, '', 1, 1, 'http://192.168.5.224:50400');
INSERT INTO `biz_debug_interface` (`id`, `created_at`, `updated_at`, `deleted`, `disabled`, `name`, `operation_id`, `description`, `desc`, `security`, `parent_id`, `project_id`, `use_id`, `ordr`, `url`, `method`, `body`, `body_type`, `authorization_type`, `pre_request_script`, `validation_script`, `version`, `endpoint_interface_id`, `case_interface_id`, `diagnose_interface_id`, `scenario_processor_id`, `processor_interface_src`, `serve_id`, `server_id`, `base_url`) VALUES (5, NULL, '2024-05-13 10:43:32', 0, 0, '宠物详情', '', '', '', '', 0, 1, 0, 0, '/pet/{petId}', 'GET', '{}', 'application/json', '', '', '', '', 8, 0, 0, 0, '', 1, 1, 'http://192.168.5.224:50400');
INSERT INTO `biz_debug_interface` (`id`, `created_at`, `updated_at`, `deleted`, `disabled`, `name`, `operation_id`, `description`, `desc`, `security`, `parent_id`, `project_id`, `use_id`, `ordr`, `url`, `method`, `body`, `body_type`, `authorization_type`, `pre_request_script`, `validation_script`, `version`, `endpoint_interface_id`, `case_interface_id`, `diagnose_interface_id`, `scenario_processor_id`, `processor_interface_src`, `serve_id`, `server_id`, `base_url`) VALUES (6, '2024-05-13 10:38:39', '2024-05-13 10:38:39', 0, 0, '宠物详情', '', '', '', '', 0, 1, 0, 0, '/pet/{petId}', 'GET', '{}', 'application/json', '', '', '', '', 8, 2, 0, 0, '', 1, 1, 'http://192.168.5.224:50400');
INSERT INTO `biz_debug_interface` (`id`, `created_at`, `updated_at`, `deleted`, `disabled`, `name`, `operation_id`, `description`, `desc`, `security`, `parent_id`, `project_id`, `use_id`, `ordr`, `url`, `method`, `body`, `body_type`, `authorization_type`, `pre_request_script`, `validation_script`, `version`, `endpoint_interface_id`, `case_interface_id`, `diagnose_interface_id`, `scenario_processor_id`, `processor_interface_src`, `serve_id`, `server_id`, `base_url`) VALUES (7, '2024-05-13 10:39:15', '2024-05-13 10:39:15', 0, 0, '宠物详情', '', '', '', '', 0, 1, 0, 0, '/pet/{petId}', 'GET', '{}', 'application/json', '', '', '', '', 8, 3, 0, 0, '', 1, 1, 'http://192.168.5.224:50400');
INSERT INTO `biz_debug_interface` (`id`, `created_at`, `updated_at`, `deleted`, `disabled`, `name`, `operation_id`, `description`, `desc`, `security`, `parent_id`, `project_id`, `use_id`, `ordr`, `url`, `method`, `body`, `body_type`, `authorization_type`, `pre_request_script`, `validation_script`, `version`, `endpoint_interface_id`, `case_interface_id`, `diagnose_interface_id`, `scenario_processor_id`, `processor_interface_src`, `serve_id`, `server_id`, `base_url`) VALUES (8, '2024-05-13 10:46:07', '2024-05-13 10:46:07', 0, 0, '宠物列表', '', '', '', '', 0, 1, 0, 0, '/pet', 'GET', '{}', 'application/json', '', '', '', '', 7, 0, 0, 2, 'define', 1, 1, 'http://192.168.5.224:50400');
INSERT INTO `biz_debug_interface` (`id`, `created_at`, `updated_at`, `deleted`, `disabled`, `name`, `operation_id`, `description`, `desc`, `security`, `parent_id`, `project_id`, `use_id`, `ordr`, `url`, `method`, `body`, `body_type`, `authorization_type`, `pre_request_script`, `validation_script`, `version`, `endpoint_interface_id`, `case_interface_id`, `diagnose_interface_id`, `scenario_processor_id`, `processor_interface_src`, `serve_id`, `server_id`, `base_url`) VALUES (9, '2024-05-13 10:52:15', '2024-05-13 10:52:15', 0, 0, '宠物列表', '', '', '', '', 0, 1, 0, 0, '/pet', 'GET', '{}', 'application/json', '', '', '', '', 7, 0, 0, 6, 'define', 1, 1, 'http://192.168.5.224:50400');
INSERT INTO `biz_debug_interface` (`id`, `created_at`, `updated_at`, `deleted`, `disabled`, `name`, `operation_id`, `description`, `desc`, `security`, `parent_id`, `project_id`, `use_id`, `ordr`, `url`, `method`, `body`, `body_type`, `authorization_type`, `pre_request_script`, `validation_script`, `version`, `endpoint_interface_id`, `case_interface_id`, `diagnose_interface_id`, `scenario_processor_id`, `processor_interface_src`, `serve_id`, `server_id`, `base_url`) VALUES (10, NULL, '2024-05-13 10:56:36', 0, 0, '创建宠物', '', '', '', '', 0, 1, 0, 0, '/pet', 'POST', '{\n  \"name\": \"${petname}\",\n  \"status\": \"available\"\n}', 'application/json', '', '', '', '', 1, 1, 0, 9, 'case', 1, 1, 'http://192.168.5.224:50400');

INSERT INTO `biz_debug_interface_apikey` (`id`, `created_at`, `updated_at`, `deleted`, `disabled`, `key`, `value`, `transfer_mode`, `interface_id`) VALUES (6, '2024-05-11 19:27:27', '2024-05-11 19:27:27', 0, 0, '', '', '', 2);
INSERT INTO `biz_debug_interface_apikey` (`id`, `created_at`, `updated_at`, `deleted`, `disabled`, `key`, `value`, `transfer_mode`, `interface_id`) VALUES (7, '2024-05-11 19:28:42', '2024-05-11 19:28:42', 0, 0, '', '', '', 3);
INSERT INTO `biz_debug_interface_apikey` (`id`, `created_at`, `updated_at`, `deleted`, `disabled`, `key`, `value`, `transfer_mode`, `interface_id`) VALUES (11, '2024-05-13 10:25:56', '2024-05-13 10:25:56', 0, 0, '', '', '', 4);
INSERT INTO `biz_debug_interface_apikey` (`id`, `created_at`, `updated_at`, `deleted`, `disabled`, `key`, `value`, `transfer_mode`, `interface_id`) VALUES (12, '2024-05-13 10:25:59', '2024-05-13 10:25:59', 0, 0, '', '', '', 1);
INSERT INTO `biz_debug_interface_apikey` (`id`, `created_at`, `updated_at`, `deleted`, `disabled`, `key`, `value`, `transfer_mode`, `interface_id`) VALUES (20, '2024-05-13 10:38:39', '2024-05-13 10:38:39', 0, 0, '', '', '', 6);
INSERT INTO `biz_debug_interface_apikey` (`id`, `created_at`, `updated_at`, `deleted`, `disabled`, `key`, `value`, `transfer_mode`, `interface_id`) VALUES (21, '2024-05-13 10:39:15', '2024-05-13 10:39:15', 0, 0, '', '', '', 7);
INSERT INTO `biz_debug_interface_apikey` (`id`, `created_at`, `updated_at`, `deleted`, `disabled`, `key`, `value`, `transfer_mode`, `interface_id`) VALUES (24, '2024-05-13 10:43:32', '2024-05-13 10:43:32', 0, 0, '', '', '', 5);
INSERT INTO `biz_debug_interface_apikey` (`id`, `created_at`, `updated_at`, `deleted`, `disabled`, `key`, `value`, `transfer_mode`, `interface_id`) VALUES (25, '2024-05-13 10:46:07', '2024-05-13 10:46:07', 0, 0, '', '', '', 8);
INSERT INTO `biz_debug_interface_apikey` (`id`, `created_at`, `updated_at`, `deleted`, `disabled`, `key`, `value`, `transfer_mode`, `interface_id`) VALUES (26, '2024-05-13 10:52:15', '2024-05-13 10:52:15', 0, 0, '', '', '', 9);
INSERT INTO `biz_debug_interface_apikey` (`id`, `created_at`, `updated_at`, `deleted`, `disabled`, `key`, `value`, `transfer_mode`, `interface_id`) VALUES (29, '2024-05-13 10:56:36', '2024-05-13 10:56:36', 0, 0, '', '', '', 10);

INSERT INTO `biz_debug_interface_basic_auth` (`id`, `created_at`, `updated_at`, `deleted`, `disabled`, `username`, `password`, `interface_id`) VALUES (6, '2024-05-11 19:27:27', '2024-05-11 19:27:27', 0, 0, '', '', 2);
INSERT INTO `biz_debug_interface_basic_auth` (`id`, `created_at`, `updated_at`, `deleted`, `disabled`, `username`, `password`, `interface_id`) VALUES (7, '2024-05-11 19:28:42', '2024-05-11 19:28:42', 0, 0, '', '', 3);
INSERT INTO `biz_debug_interface_basic_auth` (`id`, `created_at`, `updated_at`, `deleted`, `disabled`, `username`, `password`, `interface_id`) VALUES (11, '2024-05-13 10:25:56', '2024-05-13 10:25:56', 0, 0, '', '', 4);
INSERT INTO `biz_debug_interface_basic_auth` (`id`, `created_at`, `updated_at`, `deleted`, `disabled`, `username`, `password`, `interface_id`) VALUES (12, '2024-05-13 10:25:59', '2024-05-13 10:25:59', 0, 0, '', '', 1);
INSERT INTO `biz_debug_interface_basic_auth` (`id`, `created_at`, `updated_at`, `deleted`, `disabled`, `username`, `password`, `interface_id`) VALUES (20, '2024-05-13 10:38:39', '2024-05-13 10:38:39', 0, 0, '', '', 6);
INSERT INTO `biz_debug_interface_basic_auth` (`id`, `created_at`, `updated_at`, `deleted`, `disabled`, `username`, `password`, `interface_id`) VALUES (21, '2024-05-13 10:39:15', '2024-05-13 10:39:15', 0, 0, '', '', 7);
INSERT INTO `biz_debug_interface_basic_auth` (`id`, `created_at`, `updated_at`, `deleted`, `disabled`, `username`, `password`, `interface_id`) VALUES (24, '2024-05-13 10:43:32', '2024-05-13 10:43:32', 0, 0, '', '', 5);
INSERT INTO `biz_debug_interface_basic_auth` (`id`, `created_at`, `updated_at`, `deleted`, `disabled`, `username`, `password`, `interface_id`) VALUES (25, '2024-05-13 10:46:07', '2024-05-13 10:46:07', 0, 0, '', '', 8);
INSERT INTO `biz_debug_interface_basic_auth` (`id`, `created_at`, `updated_at`, `deleted`, `disabled`, `username`, `password`, `interface_id`) VALUES (26, '2024-05-13 10:52:15', '2024-05-13 10:52:15', 0, 0, '', '', 9);
INSERT INTO `biz_debug_interface_basic_auth` (`id`, `created_at`, `updated_at`, `deleted`, `disabled`, `username`, `password`, `interface_id`) VALUES (29, '2024-05-13 10:56:36', '2024-05-13 10:56:36', 0, 0, '', '', 10);

INSERT INTO `biz_debug_interface_bearer_token` (`id`, `created_at`, `updated_at`, `deleted`, `disabled`, `token`, `interface_id`) VALUES (6, '2024-05-11 19:27:27', '2024-05-11 19:27:27', 0, 0, '', 2);
INSERT INTO `biz_debug_interface_bearer_token` (`id`, `created_at`, `updated_at`, `deleted`, `disabled`, `token`, `interface_id`) VALUES (7, '2024-05-11 19:28:42', '2024-05-11 19:28:42', 0, 0, '', 3);
INSERT INTO `biz_debug_interface_bearer_token` (`id`, `created_at`, `updated_at`, `deleted`, `disabled`, `token`, `interface_id`) VALUES (11, '2024-05-13 10:25:56', '2024-05-13 10:25:56', 0, 0, '', 4);
INSERT INTO `biz_debug_interface_bearer_token` (`id`, `created_at`, `updated_at`, `deleted`, `disabled`, `token`, `interface_id`) VALUES (12, '2024-05-13 10:25:59', '2024-05-13 10:25:59', 0, 0, '', 1);
INSERT INTO `biz_debug_interface_bearer_token` (`id`, `created_at`, `updated_at`, `deleted`, `disabled`, `token`, `interface_id`) VALUES (20, '2024-05-13 10:38:39', '2024-05-13 10:38:39', 0, 0, '', 6);
INSERT INTO `biz_debug_interface_bearer_token` (`id`, `created_at`, `updated_at`, `deleted`, `disabled`, `token`, `interface_id`) VALUES (21, '2024-05-13 10:39:15', '2024-05-13 10:39:15', 0, 0, '', 7);
INSERT INTO `biz_debug_interface_bearer_token` (`id`, `created_at`, `updated_at`, `deleted`, `disabled`, `token`, `interface_id`) VALUES (24, '2024-05-13 10:43:32', '2024-05-13 10:43:32', 0, 0, '', 5);
INSERT INTO `biz_debug_interface_bearer_token` (`id`, `created_at`, `updated_at`, `deleted`, `disabled`, `token`, `interface_id`) VALUES (25, '2024-05-13 10:46:07', '2024-05-13 10:46:07', 0, 0, '', 8);
INSERT INTO `biz_debug_interface_bearer_token` (`id`, `created_at`, `updated_at`, `deleted`, `disabled`, `token`, `interface_id`) VALUES (26, '2024-05-13 10:52:15', '2024-05-13 10:52:15', 0, 0, '', 9);
INSERT INTO `biz_debug_interface_bearer_token` (`id`, `created_at`, `updated_at`, `deleted`, `disabled`, `token`, `interface_id`) VALUES (29, '2024-05-13 10:56:36', '2024-05-13 10:56:36', 0, 0, '', 10);

INSERT INTO `biz_debug_interface_oauth20` (`id`, `created_at`, `updated_at`, `deleted`, `disabled`, `access_token`, `header_prefix`, `name`, `grant_type`, `callback_url`, `auth_url`, `access_token_url`, `client_id`, `client_secret`, `scope`, `state`, `client_authentication`, `interface_id`) VALUES (6, '2024-05-11 19:27:27', '2024-05-11 19:27:27', 0, 0, '', 'Bearer', '', 'authorizationCode', '', '', '', '', '', '', '', 'sendAsBasicAuthHeader', 2);
INSERT INTO `biz_debug_interface_oauth20` (`id`, `created_at`, `updated_at`, `deleted`, `disabled`, `access_token`, `header_prefix`, `name`, `grant_type`, `callback_url`, `auth_url`, `access_token_url`, `client_id`, `client_secret`, `scope`, `state`, `client_authentication`, `interface_id`) VALUES (7, '2024-05-11 19:28:42', '2024-05-11 19:28:42', 0, 0, '', 'Bearer', '', 'authorizationCode', '', '', '', '', '', '', '', 'sendAsBasicAuthHeader', 3);
INSERT INTO `biz_debug_interface_oauth20` (`id`, `created_at`, `updated_at`, `deleted`, `disabled`, `access_token`, `header_prefix`, `name`, `grant_type`, `callback_url`, `auth_url`, `access_token_url`, `client_id`, `client_secret`, `scope`, `state`, `client_authentication`, `interface_id`) VALUES (11, '2024-05-13 10:25:56', '2024-05-13 10:25:56', 0, 0, '', 'Bearer', '', 'authorizationCode', '', '', '', '', '', '', '', 'sendAsBasicAuthHeader', 4);
INSERT INTO `biz_debug_interface_oauth20` (`id`, `created_at`, `updated_at`, `deleted`, `disabled`, `access_token`, `header_prefix`, `name`, `grant_type`, `callback_url`, `auth_url`, `access_token_url`, `client_id`, `client_secret`, `scope`, `state`, `client_authentication`, `interface_id`) VALUES (12, '2024-05-13 10:25:59', '2024-05-13 10:25:59', 0, 0, '', 'Bearer', '', 'authorizationCode', '', '', '', '', '', '', '', 'sendAsBasicAuthHeader', 1);
INSERT INTO `biz_debug_interface_oauth20` (`id`, `created_at`, `updated_at`, `deleted`, `disabled`, `access_token`, `header_prefix`, `name`, `grant_type`, `callback_url`, `auth_url`, `access_token_url`, `client_id`, `client_secret`, `scope`, `state`, `client_authentication`, `interface_id`) VALUES (20, '2024-05-13 10:38:39', '2024-05-13 10:38:39', 0, 0, '', 'Bearer', '', 'authorizationCode', '', '', '', '', '', '', '', 'sendAsBasicAuthHeader', 6);
INSERT INTO `biz_debug_interface_oauth20` (`id`, `created_at`, `updated_at`, `deleted`, `disabled`, `access_token`, `header_prefix`, `name`, `grant_type`, `callback_url`, `auth_url`, `access_token_url`, `client_id`, `client_secret`, `scope`, `state`, `client_authentication`, `interface_id`) VALUES (21, '2024-05-13 10:39:15', '2024-05-13 10:39:15', 0, 0, '', 'Bearer', '', 'authorizationCode', '', '', '', '', '', '', '', 'sendAsBasicAuthHeader', 7);
INSERT INTO `biz_debug_interface_oauth20` (`id`, `created_at`, `updated_at`, `deleted`, `disabled`, `access_token`, `header_prefix`, `name`, `grant_type`, `callback_url`, `auth_url`, `access_token_url`, `client_id`, `client_secret`, `scope`, `state`, `client_authentication`, `interface_id`) VALUES (24, '2024-05-13 10:43:32', '2024-05-13 10:43:32', 0, 0, '', 'Bearer', '', 'authorizationCode', '', '', '', '', '', '', '', 'sendAsBasicAuthHeader', 5);
INSERT INTO `biz_debug_interface_oauth20` (`id`, `created_at`, `updated_at`, `deleted`, `disabled`, `access_token`, `header_prefix`, `name`, `grant_type`, `callback_url`, `auth_url`, `access_token_url`, `client_id`, `client_secret`, `scope`, `state`, `client_authentication`, `interface_id`) VALUES (25, '2024-05-13 10:46:07', '2024-05-13 10:46:07', 0, 0, '', 'Bearer', '', 'authorizationCode', '', '', '', '', '', '', '', 'sendAsBasicAuthHeader', 8);
INSERT INTO `biz_debug_interface_oauth20` (`id`, `created_at`, `updated_at`, `deleted`, `disabled`, `access_token`, `header_prefix`, `name`, `grant_type`, `callback_url`, `auth_url`, `access_token_url`, `client_id`, `client_secret`, `scope`, `state`, `client_authentication`, `interface_id`) VALUES (26, '2024-05-13 10:52:15', '2024-05-13 10:52:15', 0, 0, '', 'Bearer', '', 'authorizationCode', '', '', '', '', '', '', '', 'sendAsBasicAuthHeader', 9);
INSERT INTO `biz_debug_interface_oauth20` (`id`, `created_at`, `updated_at`, `deleted`, `disabled`, `access_token`, `header_prefix`, `name`, `grant_type`, `callback_url`, `auth_url`, `access_token_url`, `client_id`, `client_secret`, `scope`, `state`, `client_authentication`, `interface_id`) VALUES (29, '2024-05-13 10:56:36', '2024-05-13 10:56:36', 0, 0, '', 'Bearer', '', 'authorizationCode', '', '', '', '', '', '', '', 'sendAsBasicAuthHeader', 10);

INSERT INTO `biz_debug_interface_param` (`id`, `created_at`, `updated_at`, `deleted`, `disabled`, `name`, `value`, `type`, `param_in`, `desc`, `interface_id`) VALUES (4, '2024-05-11 19:27:27', '2024-05-11 19:27:27', 0, 0, 'petId', '2', '', 'path', '', 2);
INSERT INTO `biz_debug_interface_param` (`id`, `created_at`, `updated_at`, `deleted`, `disabled`, `name`, `value`, `type`, `param_in`, `desc`, `interface_id`) VALUES (5, '2024-05-11 19:28:42', '2024-05-11 19:28:42', 0, 0, 'petId', '2', '', 'path', '', 3);
INSERT INTO `biz_debug_interface_param` (`id`, `created_at`, `updated_at`, `deleted`, `disabled`, `name`, `value`, `type`, `param_in`, `desc`, `interface_id`) VALUES (13, '2024-05-13 10:38:39', '2024-05-13 10:38:39', 0, 0, 'petId', '4', '', 'path', '', 6);
INSERT INTO `biz_debug_interface_param` (`id`, `created_at`, `updated_at`, `deleted`, `disabled`, `name`, `value`, `type`, `param_in`, `desc`, `interface_id`) VALUES (14, '2024-05-13 10:39:15', '2024-05-13 10:39:15', 0, 0, 'petId', '1', '', 'path', '', 7);
INSERT INTO `biz_debug_interface_param` (`id`, `created_at`, `updated_at`, `deleted`, `disabled`, `name`, `value`, `type`, `param_in`, `desc`, `interface_id`) VALUES (17, '2024-05-13 10:43:32', '2024-05-13 10:43:32', 0, 0, 'petId', '10000', '', 'path', '', 5);

#场景相关
INSERT INTO `biz_scenario` (`id`, `created_at`, `updated_at`, `deleted`, `disabled`, `version`, `name`, `desc`, `category_id`, `serve_id`, `project_id`, `serial_number`, `status`, `create_user_id`, `create_user_name`, `update_user_id`, `update_user_name`, `priority`, `type`, `curr_env_id`) VALUES (1, '2024-05-13 10:45:54', '2024-05-13 15:49:25', 0, 0, 0, '宠物操作', '', 32, 0, 1, 'Demo-TS-1', 'draft', 2, 'sys_demo', 0, '', '', '', 2);

INSERT INTO `biz_processor` (`id`, `created_at`, `updated_at`, `deleted`, `disabled`, `created_by`, `name`, `comments`, `method`, `parent_id`, `scenario_id`, `project_id`, `entity_category`, `entity_type`, `entity_id`, `endpoint_interface_id`, `processor_interface_src`, `ordr`) VALUES (1, '2024-05-13 10:45:54', '2024-05-13 10:45:54', 0, 0, 2, 'root', '', '', 0, 1, 1, 'processor_root', 'processor_root_default', 0, 0, '', 0);
INSERT INTO `biz_processor` (`id`, `created_at`, `updated_at`, `deleted`, `disabled`, `created_by`, `name`, `comments`, `method`, `parent_id`, `scenario_id`, `project_id`, `entity_category`, `entity_type`, `entity_id`, `endpoint_interface_id`, `processor_interface_src`, `ordr`) VALUES (2, '2024-05-13 10:46:07', '2024-05-13 10:46:20', 0, 0, 2, '宠物列表-before', '', 'GET', 1, 1, 1, 'processor_interface', 'processor_interface_default', 8, 7, 'define', 0);
INSERT INTO `biz_processor` (`id`, `created_at`, `updated_at`, `deleted`, `disabled`, `created_by`, `name`, `comments`, `method`, `parent_id`, `scenario_id`, `project_id`, `entity_category`, `entity_type`, `entity_id`, `endpoint_interface_id`, `processor_interface_src`, `ordr`) VALUES (3, '2024-05-13 10:51:47', '2024-05-13 10:57:26', 1, 0, 2, '批量创建宠物', '', '', 1, 1, 1, 'processor_group', 'processor_group_default', 1, 0, '', 5);
INSERT INTO `biz_processor` (`id`, `created_at`, `updated_at`, `deleted`, `disabled`, `created_by`, `name`, `comments`, `method`, `parent_id`, `scenario_id`, `project_id`, `entity_category`, `entity_type`, `entity_id`, `endpoint_interface_id`, `processor_interface_src`, `ordr`) VALUES (4, '2024-05-13 10:51:57', '2024-05-13 10:53:25', 0, 0, 2, 'pet_count_before', '', '', 1, 1, 1, 'processor_print', 'processor_print_default', 1, 0, '', 2);
INSERT INTO `biz_processor` (`id`, `created_at`, `updated_at`, `deleted`, `disabled`, `created_by`, `name`, `comments`, `method`, `parent_id`, `scenario_id`, `project_id`, `entity_category`, `entity_type`, `entity_id`, `endpoint_interface_id`, `processor_interface_src`, `ordr`) VALUES (5, '2024-05-13 10:52:10', '2024-05-13 10:57:22', 0, 0, 2, 'pet_count_after', '', '', 1, 1, 1, 'processor_print', 'processor_print_default', 2, 0, '', 7);
INSERT INTO `biz_processor` (`id`, `created_at`, `updated_at`, `deleted`, `disabled`, `created_by`, `name`, `comments`, `method`, `parent_id`, `scenario_id`, `project_id`, `entity_category`, `entity_type`, `entity_id`, `endpoint_interface_id`, `processor_interface_src`, `ordr`) VALUES (6, '2024-05-13 10:52:15', '2024-05-13 10:57:22', 0, 0, 2, '宠物列表-after', '', 'GET', 1, 1, 1, 'processor_interface', 'processor_interface_default', 9, 7, 'define', 6);
INSERT INTO `biz_processor` (`id`, `created_at`, `updated_at`, `deleted`, `disabled`, `created_by`, `name`, `comments`, `method`, `parent_id`, `scenario_id`, `project_id`, `entity_category`, `entity_type`, `entity_id`, `endpoint_interface_id`, `processor_interface_src`, `ordr`) VALUES (7, '2024-05-13 10:54:02', '2024-05-13 10:57:22', 0, 0, 2, '批量创建宠物', '', '', 1, 1, 1, 'processor_loop', 'processor_loop_in', 1, 0, '', 4);
INSERT INTO `biz_processor` (`id`, `created_at`, `updated_at`, `deleted`, `disabled`, `created_by`, `name`, `comments`, `method`, `parent_id`, `scenario_id`, `project_id`, `entity_category`, `entity_type`, `entity_id`, `endpoint_interface_id`, `processor_interface_src`, `ordr`) VALUES (8, '2024-05-13 10:55:34', '2024-05-13 10:56:05', 1, 0, 2, '', '', '', 7, 1, 1, 'processor_group', 'processor_group_default', 0, 0, '', 0);
INSERT INTO `biz_processor` (`id`, `created_at`, `updated_at`, `deleted`, `disabled`, `created_by`, `name`, `comments`, `method`, `parent_id`, `scenario_id`, `project_id`, `entity_category`, `entity_type`, `entity_id`, `endpoint_interface_id`, `processor_interface_src`, `ordr`) VALUES (9, '2024-05-13 10:55:57', '2024-05-13 10:56:36', 0, 0, 2, '创建成功', '', 'POST', 7, 1, 1, 'processor_interface', 'processor_interface_default', 10, 1, 'case', 1);
INSERT INTO `biz_processor` (`id`, `created_at`, `updated_at`, `deleted`, `disabled`, `created_by`, `name`, `comments`, `method`, `parent_id`, `scenario_id`, `project_id`, `entity_category`, `entity_type`, `entity_id`, `endpoint_interface_id`, `processor_interface_src`, `ordr`) VALUES (10, '2024-05-13 10:57:49', '2024-05-13 10:58:43', 0, 0, 2, '宠物数量增加', '', '', 1, 1, 1, 'processor_assertion', 'processor_assertion_default', 1, 0, '', 8);


INSERT INTO `biz_processor_assertion` (`id`, `created_at`, `updated_at`, `deleted`, `disabled`, `comments`, `default`, `processor_id`, `processor_category`, `processor_type`, `parent_id`, `expression`) VALUES (1, '2024-05-13 10:57:54', '2024-05-13 10:58:43', 0, 0, '', '', 10, 'processor_assertion', 'processor_assertion_default', 1, '${+pet_count_after}>${+pet_count_before}');

INSERT INTO `biz_processor_group` (`id`, `created_at`, `updated_at`, `deleted`, `disabled`, `comments`, `default`, `processor_id`, `processor_category`, `processor_type`, `parent_id`) VALUES (1, '2024-05-13 10:51:54', '2024-05-13 10:51:54', 0, 0, '', '', 3, 'processor_group', 'processor_group_default', 1);

INSERT INTO `biz_processor_loop` (`id`, `created_at`, `updated_at`, `deleted`, `disabled`, `comments`, `default`, `processor_id`, `processor_category`, `processor_type`, `parent_id`, `times`, `range`, `in_type`, `variable`, `list`, `step`, `is_rand`, `variable_name`, `until_expression`, `break_if_expression`) VALUES (1, '2024-05-13 10:54:43', '2024-05-13 10:57:17', 0, 0, '', '', 7, 'processor_loop', 'processor_loop_in', 3, 0, '', 'list', 'petname', 'dog,pig,rabbit', '', 0, 'petname', '', '');

INSERT INTO `biz_processor_print` (`id`, `created_at`, `updated_at`, `deleted`, `disabled`, `comments`, `default`, `processor_id`, `processor_category`, `processor_type`, `parent_id`, `right_value`) VALUES (1, '2024-05-13 10:52:06', '2024-05-13 10:53:25', 0, 0, '', '', 4, 'processor_print', 'processor_print_default', 1, 'pet_count_before：${pet_count_before}');
INSERT INTO `biz_processor_print` (`id`, `created_at`, `updated_at`, `deleted`, `disabled`, `comments`, `default`, `processor_id`, `processor_category`, `processor_type`, `parent_id`, `right_value`) VALUES (2, '2024-05-13 10:52:06', '2024-05-13 10:53:19', 0, 0, '', '', 5, 'processor_print', 'processor_print_default', 1, 'pet_count_after：${pet_count_after}');

#组件
INSERT INTO `biz_project_serve_component_schema` (`id`, `created_at`, `updated_at`, `deleted`, `disabled`, `name`, `type`, `content`, `serve_id`, `examples`, `tags`, `description`, `ref`, `source_type`, `project_id`) VALUES (1, '2024-05-11 10:38:34', '2024-05-11 14:02:20', 1, 0, 'petRequest', 'object', '{\"type\":\"object\",\"properties\":{\"name\":{\"type\":\"string\",\"x-mock-type\":\"@name()\"},\"status\":{\"type\":\"string\",\"enum\":[\"available\",\"sold\"],\"deprecated\":false}}}', 0, '', '', '', '#/components/schemas/petstore.petRequest', 0, 1);
INSERT INTO `biz_project_serve_component_schema` (`id`, `created_at`, `updated_at`, `deleted`, `disabled`, `name`, `type`, `content`, `serve_id`, `examples`, `tags`, `description`, `ref`, `source_type`, `project_id`) VALUES (2, '2024-05-11 13:54:14', '2024-05-11 15:49:51', 1, 0, 'Pet', '', '{\"allOf\":[{\"$ref\":\"#/components/schemas/PetRequest\"},{\"properties\":{\"id\":{\"description\":\"Unique id of the pet\",\"format\":\"int64\",\"type\":\"integer\"}},\"required\":[\"id\"]}]}', 0, '', '', '', '#/components/schemas/Pet', 2, 1);
INSERT INTO `biz_project_serve_component_schema` (`id`, `created_at`, `updated_at`, `deleted`, `disabled`, `name`, `type`, `content`, `serve_id`, `examples`, `tags`, `description`, `ref`, `source_type`, `project_id`) VALUES (3, '2024-05-11 13:54:14', '2024-05-11 14:02:30', 1, 0, 'PetRequest', 'object', '{\"properties\":{\"name\":{\"type\":\"string\"},\"status\":{\"description\":\"pet status in the store\",\"enum\":[\"available\",\"pending\",\"sold\"],\"type\":\"string\"}},\"required\":[\"name\"]}', 0, '', '', '', '#/components/schemas/PetRequest', 2, 1);
INSERT INTO `biz_project_serve_component_schema` (`id`, `created_at`, `updated_at`, `deleted`, `disabled`, `name`, `type`, `content`, `serve_id`, `examples`, `tags`, `description`, `ref`, `source_type`, `project_id`) VALUES (4, '2024-05-11 13:54:14', '2024-05-11 19:16:02', 0, 0, 'Error', 'object', '{\"properties\":{\"code\":{\"format\":\"int64\",\"type\":\"integer\"},\"message\":{\"type\":\"string\"}},\"required\":[\"message\",\"code\"],\"type\":\"object\"}', 0, '', '', '', '#/components/schemas/Error', 2, 1);
INSERT INTO `biz_project_serve_component_schema` (`id`, `created_at`, `updated_at`, `deleted`, `disabled`, `name`, `type`, `content`, `serve_id`, `examples`, `tags`, `description`, `ref`, `source_type`, `project_id`) VALUES (5, '2024-05-11 14:01:46', '2024-05-11 14:01:46', 1, 0, 'CopyOfpetRequest', 'object', '{\"type\":\"object\",\"properties\":{\"name\":{\"type\":\"string\",\"x-mock-type\":\"@name()\"},\"status\":{\"type\":\"string\",\"enum\":[\"available\",\"sold\"],\"deprecated\":false}}}', 0, '', '', '', '#/components/schemas/petstore.petRequest', 0, 1);
INSERT INTO `biz_project_serve_component_schema` (`id`, `created_at`, `updated_at`, `deleted`, `disabled`, `name`, `type`, `content`, `serve_id`, `examples`, `tags`, `description`, `ref`, `source_type`, `project_id`) VALUES (6, '2024-05-11 14:02:52', '2024-05-11 14:05:18', 1, 0, 'petRequest', 'object', '{\"type\":\"object\",\"properties\":{\"name\":{\"type\":\"string\",\"x-mock-type\":\"@name()\"},\"status\":{\"type\":\"string\",\"enum\":[\"available\",\"sold\"]}}}', 0, '', '', '', '#/components/schemas/petstore.petRequest', 0, 1);
INSERT INTO `biz_project_serve_component_schema` (`id`, `created_at`, `updated_at`, `deleted`, `disabled`, `name`, `type`, `content`, `serve_id`, `examples`, `tags`, `description`, `ref`, `source_type`, `project_id`) VALUES (7, '2024-05-11 14:04:37', '2024-05-11 14:04:37', 1, 0, 'CopyOfpetRequest', 'object', '{\"type\":\"object\",\"properties\":{\"name\":{\"type\":\"string\",\"x-mock-type\":\"@name()\"},\"status\":{\"type\":\"string\",\"enum\":[\"available\",\"sold\"]}}}', 0, '', '', '', '#/components/schemas/petstore.petRequest', 0, 1);
INSERT INTO `biz_project_serve_component_schema` (`id`, `created_at`, `updated_at`, `deleted`, `disabled`, `name`, `type`, `content`, `serve_id`, `examples`, `tags`, `description`, `ref`, `source_type`, `project_id`) VALUES (8, '2024-05-11 15:10:01', '2024-05-11 15:22:58', 1, 0, 'petDetail', 'object', '{\"type\":\"object\",\"properties\":{\"name\":{\"type\":\"string\",\"x-mock-type\":\"@name()\"},\"status\":{\"type\":\"string\",\"enum\":[\"available\",\"sold\"],\"deprecated\":false}}}', 0, '', '', '', '#/components/schemas/petstore.petDetail', 0, 1);
INSERT INTO `biz_project_serve_component_schema` (`id`, `created_at`, `updated_at`, `deleted`, `disabled`, `name`, `type`, `content`, `serve_id`, `examples`, `tags`, `description`, `ref`, `source_type`, `project_id`) VALUES (9, '2024-05-11 15:22:18', '2024-05-11 15:22:18', 1, 0, 'CopyOfpetRequest', 'object', '{\"type\":\"object\",\"properties\":{\"name\":{\"type\":\"string\",\"x-mock-type\":\"@name()\"},\"status\":{\"type\":\"string\",\"enum\":[\"available\",\"sold\"],\"deprecated\":false}}}', 0, '', '', '', '#/components/schemas/petstore.petRequest', 0, 1);
INSERT INTO `biz_project_serve_component_schema` (`id`, `created_at`, `updated_at`, `deleted`, `disabled`, `name`, `type`, `content`, `serve_id`, `examples`, `tags`, `description`, `ref`, `source_type`, `project_id`) VALUES (10, '2024-05-11 15:46:45', '2024-05-11 15:47:53', 0, 0, 'petRequest', 'object', '{\"type\":\"object\",\"properties\":{\"name\":{\"type\":\"string\",\"x-mock-type\":\"@name()\"},\"status\":{\"type\":\"string\",\"enum\":[\"available\",\"sold\"]}}}', 0, '', '', '', '#/components/schemas/petstore.petRequest', 0, 1);
INSERT INTO `biz_project_serve_component_schema` (`id`, `created_at`, `updated_at`, `deleted`, `disabled`, `name`, `type`, `content`, `serve_id`, `examples`, `tags`, `description`, `ref`, `source_type`, `project_id`) VALUES (11, '2024-05-11 15:47:56', '2024-05-11 15:49:25', 0, 0, 'petDetail', 'object', '{\"type\":\"object\",\"properties\":{\"id\":{\"type\":\"integer\",\"enum\":[],\"exclusiveMin\":false,\"exclusiveMax\":false,\"deprecated\":false,\"x-mock-type\":\"@increment(1)\"},\"name\":{\"type\":\"string\",\"enum\":[],\"deprecated\":false,\"x-mock-type\":\"@name()\"},\"status\":{\"type\":\"string\",\"enum\":[\"available\",\"sold\"],\"deprecated\":false}}}', 0, '', '', '', '#/components/schemas/petstore.petDetail', 0, 1);
