mysqldump: [Warning] Using a password on the command line interface can be insecure.
-- MySQL dump 10.13  Distrib 8.0.26, for Linux (x86_64)
--
-- Host: localhost    Database: nest
-- ------------------------------------------------------
-- Server version	8.0.26

/*!40101 SET @OLD_CHARACTER_SET_CLIENT=@@CHARACTER_SET_CLIENT */;
/*!40101 SET @OLD_CHARACTER_SET_RESULTS=@@CHARACTER_SET_RESULTS */;
/*!40101 SET @OLD_COLLATION_CONNECTION=@@COLLATION_CONNECTION */;
/*!50503 SET NAMES utf8mb4 */;
/*!40103 SET @OLD_TIME_ZONE=@@TIME_ZONE */;
/*!40103 SET TIME_ZONE='+00:00' */;
/*!40014 SET @OLD_UNIQUE_CHECKS=@@UNIQUE_CHECKS, UNIQUE_CHECKS=0 */;
/*!40014 SET @OLD_FOREIGN_KEY_CHECKS=@@FOREIGN_KEY_CHECKS, FOREIGN_KEY_CHECKS=0 */;
/*!40101 SET @OLD_SQL_MODE=@@SQL_MODE, SQL_MODE='NO_AUTO_VALUE_ON_ZERO' */;
/*!40111 SET @OLD_SQL_NOTES=@@SQL_NOTES, SQL_NOTES=0 */;

--
-- Table structure for table `access`
--

DROP TABLE IF EXISTS `access`;
/*!40101 SET @saved_cs_client     = @@character_set_client */;
/*!50503 SET character_set_client = utf8mb4 */;
CREATE TABLE `access` (
  `id` int NOT NULL AUTO_INCREMENT COMMENT '主键id',
  `is_del` tinyint NOT NULL DEFAULT '0' COMMENT '是否删除,1表示删除,0表示正常',
  `created_at` timestamp(6) NOT NULL DEFAULT CURRENT_TIMESTAMP(6) COMMENT '创建时间',
  `updated_at` timestamp(6) NOT NULL DEFAULT CURRENT_TIMESTAMP(6) ON UPDATE CURRENT_TIMESTAMP(6) COMMENT '更新时间',
  `module_name` varchar(50) COLLATE utf8mb4_general_ci DEFAULT NULL COMMENT '模块名称',
  `action_name` varchar(100) COLLATE utf8mb4_general_ci DEFAULT NULL COMMENT '操作名称',
  `icon` varchar(100) COLLATE utf8mb4_general_ci DEFAULT NULL COMMENT '小图标',
  `url` varchar(100) COLLATE utf8mb4_general_ci DEFAULT NULL COMMENT 'url地址',
  `module_id` int NOT NULL DEFAULT '-1' COMMENT '父模块id',
  `sort` int NOT NULL DEFAULT '1' COMMENT '排序',
  `keepAlive` int NOT NULL DEFAULT '1' COMMENT '是否缓存页面',
  `description` varchar(100) COLLATE utf8mb4_general_ci DEFAULT NULL COMMENT '描素',
  PRIMARY KEY (`id`)
) ENGINE=InnoDB AUTO_INCREMENT=14 DEFAULT CHARSET=utf8mb4 COLLATE=utf8mb4_general_ci;
/*!40101 SET character_set_client = @saved_cs_client */;

--
-- Dumping data for table `access`
--

LOCK TABLES `access` WRITE;
/*!40000 ALTER TABLE `access` DISABLE KEYS */;
INSERT INTO `access` VALUES (1,0,'2021-07-23 15:36:13.127316','2021-07-27 05:58:29.000000','系统管理','','icon-leidatu','system',-1,6,1,NULL),(2,0,'2021-07-23 15:36:13.144932','2021-07-24 15:12:54.000000','','账号管理','','system/account',1,5,1,NULL),(3,0,'2021-07-23 15:36:13.161508','2021-07-23 15:36:13.161508',NULL,'角色管理',NULL,'system/role',1,4,1,NULL),(4,0,'2021-07-23 15:36:13.179544','2021-07-23 15:36:13.179544',NULL,'资源管理',NULL,'system/access',1,5,1,NULL),(5,0,'2021-07-23 15:36:13.194827','2021-07-23 15:36:13.194827',NULL,'字典管理',NULL,'system/dict',1,6,1,NULL),(6,1,'2021-07-24 05:27:58.795680','2021-07-26 01:21:21.000000','草帽团','','','caomao',-1,1,1,NULL),(7,1,'2021-07-24 05:28:32.125065','2021-07-25 04:25:53.000000','','王路飞','','lufei',6,1,1,NULL),(8,0,'2021-07-27 08:18:48.678708','2021-07-27 08:18:48.678708','','FD','S','F',1,1,1,NULL),(9,1,'2021-07-27 08:50:45.719480','2021-07-28 13:36:28.000000','测1','','','/base',-1,1,1,NULL),(10,1,'2021-07-27 08:51:04.155250','2021-07-27 09:09:01.000000','','测试1-1','','/base/test',9,1,1,NULL),(11,0,'2021-07-27 08:51:54.566413','2021-07-27 08:51:54.566413','测2','','','/test',-1,1,1,NULL),(12,0,'2021-07-27 08:52:29.622376','2021-07-27 08:52:29.622376','','测试2-1','','/test/testOne',11,1,1,NULL),(13,1,'2021-07-27 09:09:36.680590','2021-07-28 02:28:40.000000','','111','icon-yun','fdfsdf',9,1,1,NULL);
/*!40000 ALTER TABLE `access` ENABLE KEYS */;
UNLOCK TABLES;

--
-- Table structure for table `account`
--

DROP TABLE IF EXISTS `account`;
/*!40101 SET @saved_cs_client     = @@character_set_client */;
/*!50503 SET character_set_client = utf8mb4 */;
CREATE TABLE `account` (
  `id` int NOT NULL AUTO_INCREMENT COMMENT '主键id',
  `is_del` tinyint NOT NULL DEFAULT '0' COMMENT '是否删除,1表示删除,0表示正常',
  `created_at` timestamp(6) NOT NULL DEFAULT CURRENT_TIMESTAMP(6) COMMENT '创建时间',
  `updated_at` timestamp(6) NOT NULL DEFAULT CURRENT_TIMESTAMP(6) ON UPDATE CURRENT_TIMESTAMP(6) COMMENT '更新时间',
  `username` varchar(50) COLLATE utf8mb4_general_ci NOT NULL COMMENT '用户名',
  `password` varchar(100) COLLATE utf8mb4_general_ci NOT NULL COMMENT '密码',
  `platform` int DEFAULT NULL COMMENT '平台',
  `is_super` tinyint NOT NULL DEFAULT '0' COMMENT '是否为超级管理员1表示是,0表示不是',
  PRIMARY KEY (`id`)
) ENGINE=InnoDB AUTO_INCREMENT=8 DEFAULT CHARSET=utf8mb4 COLLATE=utf8mb4_general_ci;
/*!40101 SET character_set_client = @saved_cs_client */;

--
-- Dumping data for table `account`
--

LOCK TABLES `account` WRITE;
/*!40000 ALTER TABLE `account` DISABLE KEYS */;
INSERT INTO `account` VALUES (1,0,'2021-07-23 15:36:13.120249','2021-07-23 15:36:13.120249','admin','eVVIdTVJUnNPRA==OTE0NmZiYTY1N2VkMTZkOTk3YWRhMjg3NDY0MDA5MGQ=',NULL,1),(2,1,'2021-07-24 13:54:11.241443','2021-07-26 03:01:05.000000','121','TVFSNU5VcGNsbg==NWJkZjdjYWYwNzU0ZDJmZWQ2Mjk1ODJkMDBmODNkNzU=',NULL,0),(3,1,'2021-07-25 11:47:25.153800','2021-07-25 13:14:47.000000','123','SnQ4TXZxWHF1Uw==MDU3NDg5ZDFjNjNmM2NhMWQ0NTVhZTZiYjQ4YzYyZjk=',NULL,0),(4,1,'2021-07-26 11:33:14.897911','2021-07-27 06:24:31.000000','1','aDBWQlRIcGJmcA==YTBiMWEwM2UyMjc0YmNkMmUyZDNhNTY0OGIzMDBkNzM=',NULL,0),(5,1,'2021-07-27 06:24:52.971273','2021-07-28 08:15:58.000000','111','',NULL,0),(6,0,'2021-07-28 08:16:24.421568','2021-07-29 14:34:31.000000','admin2','',NULL,0),(7,0,'2021-07-29 09:23:47.099472','2021-07-29 14:34:36.000000','vip','',NULL,0);
/*!40000 ALTER TABLE `account` ENABLE KEYS */;
UNLOCK TABLES;

--
-- Table structure for table `account_role`
--

DROP TABLE IF EXISTS `account_role`;
/*!40101 SET @saved_cs_client     = @@character_set_client */;
/*!50503 SET character_set_client = utf8mb4 */;
CREATE TABLE `account_role` (
  `id` int NOT NULL AUTO_INCREMENT COMMENT '主键id',
  `is_del` tinyint NOT NULL DEFAULT '0' COMMENT '是否删除,1表示删除,0表示正常',
  `created_at` timestamp(6) NOT NULL DEFAULT CURRENT_TIMESTAMP(6) COMMENT '创建时间',
  `updated_at` timestamp(6) NOT NULL DEFAULT CURRENT_TIMESTAMP(6) ON UPDATE CURRENT_TIMESTAMP(6) COMMENT '更新时间',
  `account_id` int NOT NULL COMMENT '用户id',
  `role_id` int NOT NULL COMMENT '角色id',
  PRIMARY KEY (`id`)
) ENGINE=InnoDB AUTO_INCREMENT=27 DEFAULT CHARSET=utf8mb4 COLLATE=utf8mb4_general_ci;
/*!40101 SET character_set_client = @saved_cs_client */;

--
-- Dumping data for table `account_role`
--

LOCK TABLES `account_role` WRITE;
/*!40000 ALTER TABLE `account_role` DISABLE KEYS */;
INSERT INTO `account_role` VALUES (1,0,'2021-07-24 13:54:11.245261','2021-07-24 13:54:11.245261',2,2),(2,0,'2021-07-25 11:47:25.158696','2021-07-25 11:47:25.158696',3,2),(3,0,'2021-07-26 11:33:14.901582','2021-07-26 11:33:14.901582',4,4),(13,0,'2021-07-28 05:23:36.531242','2021-07-28 05:23:36.531242',5,5),(14,0,'2021-07-28 05:23:36.534091','2021-07-28 05:23:36.534091',5,2),(23,0,'2021-07-29 14:34:31.217051','2021-07-29 14:34:31.217051',6,4),(24,0,'2021-07-29 14:34:31.219400','2021-07-29 14:34:31.219400',6,5),(25,0,'2021-07-29 14:34:31.221666','2021-07-29 14:34:31.221666',6,2),(26,0,'2021-07-29 14:34:36.332352','2021-07-29 14:34:36.332352',7,2);
/*!40000 ALTER TABLE `account_role` ENABLE KEYS */;
UNLOCK TABLES;

--
-- Table structure for table `dict`
--

DROP TABLE IF EXISTS `dict`;
/*!40101 SET @saved_cs_client     = @@character_set_client */;
/*!50503 SET character_set_client = utf8mb4 */;
CREATE TABLE `dict` (
  `id` int NOT NULL AUTO_INCREMENT COMMENT '主键id',
  `is_del` tinyint NOT NULL DEFAULT '0' COMMENT '是否删除,1表示删除,0表示正常',
  `created_at` timestamp(6) NOT NULL DEFAULT CURRENT_TIMESTAMP(6) COMMENT '创建时间',
  `updated_at` timestamp(6) NOT NULL DEFAULT CURRENT_TIMESTAMP(6) ON UPDATE CURRENT_TIMESTAMP(6) COMMENT '更新时间',
  `label` varchar(50) COLLATE utf8mb4_general_ci NOT NULL COMMENT 'label值',
  `category` varchar(50) COLLATE utf8mb4_general_ci NOT NULL COMMENT '分类名称',
  `description` varchar(100) COLLATE utf8mb4_general_ci DEFAULT NULL COMMENT '描素',
  PRIMARY KEY (`id`)
) ENGINE=InnoDB AUTO_INCREMENT=8 DEFAULT CHARSET=utf8mb4 COLLATE=utf8mb4_general_ci;
/*!40101 SET character_set_client = @saved_cs_client */;

--
-- Dumping data for table `dict`
--

LOCK TABLES `dict` WRITE;
/*!40000 ALTER TABLE `dict` DISABLE KEYS */;
INSERT INTO `dict` VALUES (1,1,'2021-07-26 03:31:32.328628','2021-07-26 03:31:39.000000','0','-',''),(2,0,'2021-07-26 05:29:31.278317','2021-07-26 05:29:31.278317','dddddd','ddddd','ddd'),(3,1,'2021-07-27 02:33:21.828702','2021-07-28 09:06:35.000000','er','er','er'),(4,1,'2021-07-27 03:49:35.350000','2021-07-27 15:58:27.000000','222','222','2222'),(5,1,'2021-07-29 06:34:54.641067','2021-07-29 07:57:37.000000','AA','BB','CC'),(6,1,'2021-07-29 07:25:27.690000','2021-07-29 07:25:33.000000','12','12','12'),(7,0,'2021-07-29 09:10:54.136898','2021-07-29 09:10:54.136898','11','11','111');
/*!40000 ALTER TABLE `dict` ENABLE KEYS */;
UNLOCK TABLES;

--
-- Table structure for table `role`
--

DROP TABLE IF EXISTS `role`;
/*!40101 SET @saved_cs_client     = @@character_set_client */;
/*!50503 SET character_set_client = utf8mb4 */;
CREATE TABLE `role` (
  `id` int NOT NULL AUTO_INCREMENT COMMENT '主键id',
  `is_del` tinyint NOT NULL DEFAULT '0' COMMENT '是否删除,1表示删除,0表示正常',
  `created_at` timestamp(6) NOT NULL DEFAULT CURRENT_TIMESTAMP(6) COMMENT '创建时间',
  `updated_at` timestamp(6) NOT NULL DEFAULT CURRENT_TIMESTAMP(6) ON UPDATE CURRENT_TIMESTAMP(6) COMMENT '更新时间',
  `title` varchar(50) COLLATE utf8mb4_general_ci NOT NULL COMMENT '角色名称',
  `description` varchar(100) COLLATE utf8mb4_general_ci DEFAULT NULL COMMENT '角色描素',
  PRIMARY KEY (`id`)
) ENGINE=InnoDB AUTO_INCREMENT=10 DEFAULT CHARSET=utf8mb4 COLLATE=utf8mb4_general_ci;
/*!40101 SET character_set_client = @saved_cs_client */;

--
-- Dumping data for table `role`
--

LOCK TABLES `role` WRITE;
/*!40000 ALTER TABLE `role` DISABLE KEYS */;
INSERT INTO `role` VALUES (1,1,'2021-07-24 05:27:32.464357','2021-07-24 12:38:03.000000','路飞','海盗王的女人'),(2,0,'2021-07-24 13:54:02.726116','2021-07-29 09:24:22.000000','2','121'),(3,1,'2021-07-26 00:55:40.495923','2021-07-26 03:00:47.000000','test',''),(4,0,'2021-07-26 09:30:41.293075','2021-07-26 09:30:41.293075','1','123'),(5,0,'2021-07-27 02:32:48.382695','2021-07-27 02:32:48.382695','3','1111'),(6,1,'2021-07-29 07:45:39.429233','2021-07-30 02:13:48.000000','11','2'),(7,0,'2021-07-29 14:22:44.001859','2021-07-29 14:22:44.001859','ddd','sss'),(8,1,'2021-07-29 14:22:53.514771','2021-07-29 14:26:54.000000','21','2121'),(9,1,'2021-07-29 14:22:57.275982','2021-07-29 14:26:50.000000','212','1212');
/*!40000 ALTER TABLE `role` ENABLE KEYS */;
UNLOCK TABLES;

--
-- Table structure for table `role_access`
--

DROP TABLE IF EXISTS `role_access`;
/*!40101 SET @saved_cs_client     = @@character_set_client */;
/*!50503 SET character_set_client = utf8mb4 */;
CREATE TABLE `role_access` (
  `id` int NOT NULL AUTO_INCREMENT COMMENT '主键id',
  `is_del` tinyint NOT NULL DEFAULT '0' COMMENT '是否删除,1表示删除,0表示正常',
  `created_at` timestamp(6) NOT NULL DEFAULT CURRENT_TIMESTAMP(6) COMMENT '创建时间',
  `updated_at` timestamp(6) NOT NULL DEFAULT CURRENT_TIMESTAMP(6) ON UPDATE CURRENT_TIMESTAMP(6) COMMENT '更新时间',
  `role_id` int DEFAULT NULL COMMENT '角色id',
  `access_id` int DEFAULT NULL COMMENT '资源id',
  PRIMARY KEY (`id`)
) ENGINE=InnoDB AUTO_INCREMENT=83 DEFAULT CHARSET=utf8mb4 COLLATE=utf8mb4_general_ci;
/*!40101 SET character_set_client = @saved_cs_client */;

--
-- Dumping data for table `role_access`
--

LOCK TABLES `role_access` WRITE;
/*!40000 ALTER TABLE `role_access` DISABLE KEYS */;
INSERT INTO `role_access` VALUES (1,0,'2021-07-24 05:27:32.469196','2021-07-24 05:27:32.469196',1,0),(2,0,'2021-07-24 05:27:32.475907','2021-07-24 05:27:32.475907',1,1),(3,0,'2021-07-24 05:27:32.480085','2021-07-24 05:27:32.480085',1,2),(4,0,'2021-07-24 05:27:32.484526','2021-07-24 05:27:32.484526',1,3),(5,0,'2021-07-24 05:27:32.489252','2021-07-24 05:27:32.489252',1,4),(6,0,'2021-07-24 05:27:32.492692','2021-07-24 05:27:32.492692',1,5),(13,0,'2021-07-26 00:55:40.499416','2021-07-26 00:55:40.499416',3,5),(14,0,'2021-07-26 00:55:40.503056','2021-07-26 00:55:40.503056',3,1),(15,0,'2021-07-26 09:30:41.300188','2021-07-26 09:30:41.300188',4,0),(16,0,'2021-07-26 09:30:41.304741','2021-07-26 09:30:41.304741',4,0),(17,0,'2021-07-26 09:30:41.308872','2021-07-26 09:30:41.308872',4,0),(18,0,'2021-07-26 09:30:41.312549','2021-07-26 09:30:41.312549',4,0),(19,0,'2021-07-26 09:30:41.316879','2021-07-26 09:30:41.316879',4,0),(20,0,'2021-07-27 02:32:48.387503','2021-07-27 02:32:48.387503',5,0),(21,0,'2021-07-27 02:32:48.390694','2021-07-27 02:32:48.390694',5,0),(22,0,'2021-07-27 02:32:48.393656','2021-07-27 02:32:48.393656',5,0),(23,0,'2021-07-27 02:32:48.396350','2021-07-27 02:32:48.396350',5,0),(24,0,'2021-07-27 02:32:48.399341','2021-07-27 02:32:48.399341',5,0),(37,0,'2021-07-29 07:45:39.432370','2021-07-29 07:45:39.432370',6,0),(38,0,'2021-07-29 07:45:39.435453','2021-07-29 07:45:39.435453',6,0),(39,0,'2021-07-29 07:45:39.438923','2021-07-29 07:45:39.438923',6,0),(40,0,'2021-07-29 07:45:39.442799','2021-07-29 07:45:39.442799',6,0),(41,0,'2021-07-29 07:45:39.446256','2021-07-29 07:45:39.446256',6,0),(42,0,'2021-07-29 07:45:39.449326','2021-07-29 07:45:39.449326',6,0),(43,0,'2021-07-29 07:45:39.452278','2021-07-29 07:45:39.452278',6,0),(44,0,'2021-07-29 07:45:39.455605','2021-07-29 07:45:39.455605',6,0),(64,0,'2021-07-29 09:24:22.230592','2021-07-29 09:24:22.230592',2,6),(65,0,'2021-07-29 09:24:22.233776','2021-07-29 09:24:22.233776',2,11),(66,0,'2021-07-29 09:24:22.236654','2021-07-29 09:24:22.236654',2,12),(67,0,'2021-07-29 14:22:53.517628','2021-07-29 14:22:53.517628',8,0),(68,0,'2021-07-29 14:22:53.520905','2021-07-29 14:22:53.520905',8,0),(69,0,'2021-07-29 14:22:53.524053','2021-07-29 14:22:53.524053',8,0),(70,0,'2021-07-29 14:22:53.526770','2021-07-29 14:22:53.526770',8,0),(71,0,'2021-07-29 14:22:53.529588','2021-07-29 14:22:53.529588',8,0),(72,0,'2021-07-29 14:22:53.532260','2021-07-29 14:22:53.532260',8,0),(73,0,'2021-07-29 14:22:53.534764','2021-07-29 14:22:53.534764',8,0),(74,0,'2021-07-29 14:22:53.537355','2021-07-29 14:22:53.537355',8,0),(75,0,'2021-07-29 14:22:57.278484','2021-07-29 14:22:57.278484',9,0),(76,0,'2021-07-29 14:22:57.280940','2021-07-29 14:22:57.280940',9,0),(77,0,'2021-07-29 14:22:57.283711','2021-07-29 14:22:57.283711',9,0),(78,0,'2021-07-29 14:22:57.286477','2021-07-29 14:22:57.286477',9,0),(79,0,'2021-07-29 14:22:57.288985','2021-07-29 14:22:57.288985',9,0),(80,0,'2021-07-29 14:22:57.291363','2021-07-29 14:22:57.291363',9,0),(81,0,'2021-07-29 14:22:57.294146','2021-07-29 14:22:57.294146',9,0),(82,0,'2021-07-29 14:22:57.296573','2021-07-29 14:22:57.296573',9,0);
/*!40000 ALTER TABLE `role_access` ENABLE KEYS */;
UNLOCK TABLES;
/*!40103 SET TIME_ZONE=@OLD_TIME_ZONE */;

/*!40101 SET SQL_MODE=@OLD_SQL_MODE */;
/*!40014 SET FOREIGN_KEY_CHECKS=@OLD_FOREIGN_KEY_CHECKS */;
/*!40014 SET UNIQUE_CHECKS=@OLD_UNIQUE_CHECKS */;
/*!40101 SET CHARACTER_SET_CLIENT=@OLD_CHARACTER_SET_CLIENT */;
/*!40101 SET CHARACTER_SET_RESULTS=@OLD_CHARACTER_SET_RESULTS */;
/*!40101 SET COLLATION_CONNECTION=@OLD_COLLATION_CONNECTION */;
/*!40111 SET SQL_NOTES=@OLD_SQL_NOTES */;

-- Dump completed on 2021-08-03 13:28:14
